Name of Earth Meteorite,id,Meteorite,nametype,recclass,mass,year,reclat,reclong,point_coordinates
,1,0,Valid,L5,0.0,1880-01-01T00:00:00.000,50.775000,6.083330,[]
,2,0,Valid,H6,0.0,1951-01-01T00:00:00.000,56.183330,10.233330,[]
,6,0,Valid,EH4,0.0,1952-01-01T00:00:00.000,54.216670,-113.000000,[]
,10,0,Valid,Acapulcoite,0.0,1976-01-01T00:00:00.000,16.883330,-99.900000,[]
,370,0,Valid,L6,0.0,1902-01-01T00:00:00.000,-33.166670,-64.950000,[]
,379,0,Valid,EH4,0.0,1919-01-01T00:00:00.000,32.100000,71.800000,[]
,390,0,Valid,LL3-6,0.0,1949-01-01T00:00:00.000,44.833330,95.166670,[]
,392,0,Valid,H5,0.0,1814-01-01T00:00:00.000,44.216670,0.616670,[]
,398,0,Valid,L6,0.0,1930-01-01T00:00:00.000,-31.600000,-65.233330,[]
,417,0,Valid,L,0.0,1920-01-01T00:00:00.000,-30.866670,-64.550000,[]
,423,0,Valid,Diogenite-pm,0.0,1974-01-01T00:00:00.000,16.398060,-9.570280,[]
,424,0,Valid,L6,0.0,1925-01-01T00:00:00.000,19.083330,8.383330,[]
,425,0,Valid,Unknown,0.0,1769-01-01T00:00:00.000,50.666670,2.333330,[]
,426,0,Valid,L6,0.0,1949-01-01T00:00:00.000,29.516670,35.050000,[]
,427,0,Valid,H4,0.0,1838-01-01T00:00:00.000,29.716670,77.950000,[]
,432,0,Valid,H,0.0,1959-01-01T00:00:00.000,8.916670,8.433330,[]
,433,0,Valid,"Iron, IVA",0.0,1981-01-01T00:00:00.000,39.916670,42.816670,[]
,446,0,Valid,CR2-an,0.0,1957-01-01T00:00:00.000,24.416670,39.516670,[]
,447,0,Valid,LL5,0.0,2001-01-01T00:00:00.000,13.660330,28.960000,[]
,448,0,Valid,CI1,0.0,1806-01-01T00:00:00.000,44.116670,4.083330,[]
,453,0,Valid,L/LL4,0.0,1766-01-01T00:00:00.000,44.650000,11.016670,[]
,454,0,Valid,L,0.0,1949-01-01T00:00:00.000,2.000000,22.666670,[]
,458,0,Valid,Eucrite-mmict,0.0,2002-01-01T00:00:00.000,45.821330,6.015330,[]
,461,0,Valid,LL5,0.0,1835-01-01T00:00:00.000,51.783330,-1.783330,[]
,462,0,Valid,L6,0.0,1873-01-01T00:00:00.000,36.233330,37.133330,[]
,463,0,Valid,H5,0.0,1860-01-01T00:00:00.000,44.883330,8.750000,[]
,465,0,Valid,H4,0.0,1900-01-01T00:00:00.000,50.950000,31.816670,[]
,466,0,Valid,L6,0.0,1883-01-01T00:00:00.000,45.266670,10.150000,[]
,2276,0,Valid,H5,0.0,1899-01-01T00:00:00.000,42.533330,-85.883330,[]
,2278,0,Valid,CV3,0.0,1969-01-01T00:00:00.000,26.966670,-105.316670,[]
,48915,0,Valid,Ureilite-an,0.0,2008-01-01T00:00:00.000,20.745750,32.412750,[]
,2284,0,Valid,LL5,0.0,1977-01-01T00:00:00.000,35.273330,44.215560,[]
,2290,0,Valid,H5,0.0,1895-01-01T00:00:00.000,27.666670,78.250000,[]
,2294,0,Valid,Stone-uncl,0.0,1880-01-01T00:00:00.000,26.583330,85.566670,[]
,2295,0,Valid,L6,0.0,1898-01-01T00:00:00.000,44.616670,-70.750000,[]
,2296,0,Valid,L3,0.0,1969-01-01T00:00:00.000,48.700000,37.500000,[]
,2298,0,Valid,H6,0.0,1939-01-01T00:00:00.000,20.883330,76.866670,[]
,50693,0,Valid,L5,0.0,,0.000000,0.000000,[]
,2301,0,Valid,L6,0.0,1822-01-01T00:00:00.000,47.466670,-0.550000,[]
,2302,0,Valid,Angrite,0.0,1869-01-01T00:00:00.000,-22.966670,-44.316670,[]
,2304,0,Valid,H4,0.0,1942-01-01T00:00:00.000,9.533330,39.716670,[]
,2305,0,Valid,H5,0.0,1971-01-01T00:00:00.000,25.150000,105.183330,[]
,2313,0,Valid,L6,0.0,1984-01-01T00:00:00.000,40.810560,140.785560,[]
,2318,0,Valid,LL6,0.0,1914-01-01T00:00:00.000,53.583330,-2.716670,[]
,2320,0,Valid,L6,0.0,1803-01-01T00:00:00.000,43.866670,5.383330,[]
,2325,0,Valid,H5,0.0,1954-01-01T00:00:00.000,-33.000000,-66.000000,[]
,2329,0,Valid,H6,0.0,1932-01-01T00:00:00.000,38.500000,-94.300000,[]
,2340,0,Valid,H5,0.0,1950-01-01T00:00:00.000,-31.416670,-60.666670,[]
,2345,0,Valid,H6,0.0,1805-01-01T00:00:00.000,42.450000,9.033330,[]
,48954,0,Valid,L6,0.0,2009-01-01T00:00:00.000,31.805000,-97.010000,[]
,2346,0,Valid,L6,0.0,1923-01-01T00:00:00.000,52.050000,0.300000,[]
,2353,0,Valid,H5,0.0,1886-01-01T00:00:00.000,43.033330,12.550000,[]
,4883,0,Valid,L4,0.0,1920-01-01T00:00:00.000,25.254170,80.625000,[]
,4884,0,Valid,L6,0.0,1896-01-01T00:00:00.000,20.066670,-103.666670,[]
,4885,0,Valid,LL6,0.0,1933-01-01T00:00:00.000,34.750000,-87.000000,[]
,4888,0,Valid,L6,0.0,1945-01-01T00:00:00.000,34.316670,-96.150000,[]
,4893,0,Valid,Aubrite,0.0,1836-01-01T00:00:00.000,44.383330,5.166670,[]
,4899,0,Valid,L6,0.0,1865-01-01T00:00:00.000,36.166670,3.666670,[]
,4900,0,Valid,L6,0.0,1842-01-01T00:00:00.000,44.333330,3.233330,[]
,4903,0,Valid,L5,0.0,1858-01-01T00:00:00.000,43.083330,0.583330,[]
,4905,0,Valid,H4,0.0,1952-01-01T00:00:00.000,-21.460280,-49.950830,[]
,4906,0,Valid,"Iron, IIAB",0.0,1908-01-01T00:00:00.000,46.000000,13.500000,[]
,4907,0,Valid,H,0.0,1855-01-01T00:00:00.000,25.000000,-103.500000,[]
,4910,0,Valid,L4,0.0,1968-01-01T00:00:00.000,2.716670,32.833330,[]
,4913,0,Valid,L6,0.0,1938-01-01T00:00:00.000,36.800000,-108.000000,[]
,4917,0,Valid,L6,0.0,1814-01-01T00:00:00.000,48.600000,38.000000,[]
,4922,0,Valid,"Iron, IAB-sLL",0.0,1934-01-01T00:00:00.000,28.483330,78.500000,[]
,4925,0,Valid,L4,0.0,1929-01-01T00:00:00.000,35.966670,-82.483330,[]
,4926,0,Valid,L6,0.0,1922-01-01T00:00:00.000,34.500000,-88.666670,[]
,4928,0,Valid,CV3,0.0,1907-01-01T00:00:00.000,5.383330,16.383330,[]
,4934,0,Valid,"Iron, ungrouped",0.0,1993-01-01T00:00:00.000,16.666670,101.183330,[]
,4935,0,Valid,LL6,0.0,1871-01-01T00:00:00.000,-6.916670,107.600000,[]
,4936,0,Valid,L6,0.0,1892-01-01T00:00:00.000,27.700000,76.333330,[]
,4937,0,Valid,L5,0.0,1913-01-01T00:00:00.000,30.400000,78.200000,[]
,4938,0,Valid,CM2,0.0,1933-01-01T00:00:00.000,-6.333330,106.000000,[]
,4942,0,Valid,H5,0.0,1790-01-01T00:00:00.000,43.950000,-0.050000,[]
,4944,0,Valid,OC,0.0,1704-01-01T00:00:00.000,41.366670,2.166670,[]
,4946,0,Valid,Mesosiderite-A1,0.0,1842-01-01T00:00:00.000,42.383330,-2.500000,[]
,4947,0,Valid,H5,0.0,1904-01-01T00:00:00.000,52.733330,84.083330,[]
,4948,0,Valid,LL4,0.0,1886-01-01T00:00:00.000,52.000000,9.100000,[]
,4949,0,Valid,L6,0.0,1910-01-01T00:00:00.000,31.616670,76.800000,[]
,4954,0,Valid,L5,0.0,1965-01-01T00:00:00.000,52.565280,-1.339720,[]
,44876,0,Valid,H5,0.0,2006-01-01T00:00:00.000,15.783330,-5.900000,[]
,4957,0,Valid,L5,0.0,1994-01-01T00:00:00.000,52.033330,20.935830,[]
,4974,0,Valid,H4,0.0,1892-01-01T00:00:00.000,45.416670,-98.316670,[]
,4975,0,Valid,L6,0.0,1902-01-01T00:00:00.000,38.250000,-83.750000,[]
,56133,0,Valid,L6,0.0,2012-01-01T00:00:00.000,40.668130,-117.189130,[]
,4976,0,Valid,LL5,0.0,1989-01-01T00:00:00.000,11.083330,-0.183330,[]
,4977,0,Valid,L6,0.0,1916-01-01T00:00:00.000,36.750000,-93.500000,[]
,4984,0,Valid,H5,0.0,1929-01-01T00:00:00.000,39.800000,-101.200000,[]
,4986,0,Valid,H5,0.0,1893-01-01T00:00:00.000,51.166670,-117.333330,[]
,4993,0,Valid,H5,0.0,1949-01-01T00:00:00.000,53.016670,-4.100000,[]
,5005,0,Valid,C2-ung,0.0,1961-01-01T00:00:00.000,33.600000,-96.466670,[]
,5009,0,Valid,OC,0.0,1937-01-01T00:00:00.000,-32.333330,-64.866670,[]
,5011,0,Valid,LL4,0.0,1798-01-01T00:00:00.000,25.366670,82.916670,[]
,30443,0,Valid,LL6,0.0,2004-01-01T00:00:00.000,32.250000,-8.150000,[]
,5018,0,Valid,L6,0.0,2001-01-01T00:00:00.000,32.866670,10.800000,[]
,5021,0,Valid,H6,0.0,1938-01-01T00:00:00.000,39.083330,-89.150000,[]
,5023,0,Valid,H6,0.0,1943-01-01T00:00:00.000,-26.166670,28.416670,[]
,5024,0,Valid,LL6,0.0,2002-01-01T00:00:00.000,30.000000,-7.000000,[]
,5026,0,Valid,LL6,0.0,1949-01-01T00:00:00.000,45.950000,-67.550000,[]
,48975,0,Valid,L6,0.0,2008-01-01T00:00:00.000,-31.910000,-58.328330,[]
,5028,0,Valid,Eucrite-mmict,0.0,1924-01-01T00:00:00.000,11.650000,-3.650000,[]
,5029,0,Valid,L6,0.0,1811-01-01T00:00:00.000,41.683330,-3.800000,[]
,47355,0,Valid,Eucrite-mmict,0.0,2004-01-01T00:00:00.000,40.305830,-105.023250,[]
,5032,0,Valid,H,0.0,1859-01-01T00:00:00.000,42.533330,-73.833330,[]
,5034,0,Valid,L5,0.0,1859-01-01T00:00:00.000,43.216670,-0.233330,[]
,5035,0,Valid,LL3.8,0.0,1921-01-01T00:00:00.000,33.883330,35.500000,[]
,5037,0,Valid,L6,0.0,1877-01-01T00:00:00.000,20.883330,74.833330,[]
,36591,0,Valid,LL6,0.0,2002-01-01T00:00:00.000,26.508330,73.115280,[]
,5039,0,Valid,L6,0.0,1893-01-01T00:00:00.000,20.833330,71.466670,[]
,5040,0,Valid,LL3-6,0.0,1940-01-01T00:00:00.000,22.683330,90.650000,[]
,5041,0,Valid,Howardite,0.0,1905-01-01T00:00:00.000,22.083330,86.900000,[]
,5042,0,Valid,Eucrite-pmict,0.0,1827-01-01T00:00:00.000,53.100000,23.200000,[]
,5043,0,Valid,H4,0.0,1887-01-01T00:00:00.000,50.133330,27.166670,[]
,5045,0,Valid,Diogenite,0.0,1999-01-01T00:00:00.000,12.450000,-0.083330,[]
,5051,0,Valid,H5,0.0,1984-01-01T00:00:00.000,-33.156390,115.676390,[]
,5056,0,Valid,H4,0.0,1923-01-01T00:00:00.000,13.766670,5.300000,[]
,5059,0,Valid,Aubrite,0.0,1843-01-01T00:00:00.000,34.166670,-80.283330,[]
,5060,0,Valid,LL3.15,0.0,1895-01-01T00:00:00.000,25.383330,82.600000,[]
,5063,0,Valid,H6,0.0,1796-01-01T00:00:00.000,49.783330,30.166670,[]
,5064,0,Valid,L/LL4,0.0,1899-01-01T00:00:00.000,60.400000,25.800000,[]
,5065,0,Valid,L5,0.0,1941-01-01T00:00:00.000,40.916670,-78.083330,[]
,5068,0,Valid,L5,0.0,1906-01-01T00:00:00.000,36.833330,-97.333330,[]
,5071,0,Valid,L6,0.0,1909-01-01T00:00:00.000,31.833330,-98.833330,[]
,5072,0,Valid,H6,0.0,1833-01-01T00:00:00.000,49.366670,16.633330,[]
,5076,0,Valid,LL6,0.0,1938-01-01T00:00:00.000,40.480000,-89.004170,[]
,5090,0,Valid,LL3.9,0.0,1977-01-01T00:00:00.000,33.833330,115.833330,[]
,5093,0,Valid,L6,0.0,1804-01-01T00:00:00.000,23.000000,-102.000000,[]
,5097,0,Valid,"Iron, IAB-MG",0.0,1962-01-01T00:00:00.000,12.500000,0.700000,[]
,5098,0,Valid,"Iron, IIAB",0.0,1916-01-01T00:00:00.000,44.550000,131.633330,[]
,5110,0,Valid,LL6,0.0,1808-01-01T00:00:00.000,44.866670,10.050000,[]
,5111,0,Valid,L6,0.0,1894-01-01T00:00:00.000,21.950000,78.033330,[]
,5112,0,Valid,CM2,0.0,1930-01-01T00:00:00.000,54.233330,52.483330,[]
,5113,0,Valid,L5,0.0,1852-01-01T00:00:00.000,48.150000,24.283330,[]
,5114,0,Valid,H5,0.0,1812-01-01T00:00:00.000,55.466670,35.866670,[]
,5117,0,Valid,L4,0.0,1823-01-01T00:00:00.000,51.333330,33.883330,[]
,57168,0,Valid,L6,0.0,2003-01-01T00:00:00.000,17.710670,-11.371500,[]
,57167,0,Valid,L6,0.0,2011-01-01T00:00:00.000,17.174930,-11.341330,[]
,5121,0,Valid,L3,0.0,1969-01-01T00:00:00.000,54.566670,-6.333330,[]
,5128,0,Valid,L,0.0,1886-01-01T00:00:00.000,40.500000,-80.083330,[]
,5133,0,Valid,"Iron, IIAB",0.0,1847-01-01T00:00:00.000,50.600000,16.300000,[]
,5134,0,Valid,H5,0.0,1956-01-01T00:00:00.000,50.666940,8.183610,[]
,5135,0,Valid,H/L3.9,0.0,1855-01-01T00:00:00.000,53.400000,9.100000,[]
,5140,0,Valid,Eucrite-pmict,0.0,1933-01-01T00:00:00.000,52.133330,59.316670,[]
,5156,0,Valid,L6,0.0,1960-01-01T00:00:00.000,53.900000,-112.883330,[]
,30448,0,Valid,CV3,0.0,2001-01-01T00:00:00.000,39.779780,64.600350,[]
,5163,0,Valid,Iron?,0.0,1964-01-01T00:00:00.000,0.0,0.0,[]
,48653,0,Valid,Eucrite,0.0,2007-01-01T00:00:00.000,-31.350000,129.190000,[]
,5165,0,Valid,Howardite,0.0,1942-01-01T00:00:00.000,10.016670,9.583330,[]
,5169,0,Valid,H5,0.0,1919-01-01T00:00:00.000,5.000000,48.000000,[]
,5175,0,Valid,H4-an,0.0,1990-01-01T00:00:00.000,37.621940,-82.237220,[]
,5177,0,Valid,L6,0.0,1946-01-01T00:00:00.000,40.200000,29.233330,[]
,5178,0,Valid,L6,0.0,1863-01-01T00:00:00.000,46.450000,25.783330,[]
,5181,0,Valid,Aubrite,0.0,1852-01-01T00:00:00.000,26.783330,82.833330,[]
,5183,0,Valid,H6,0.0,1861-01-01T00:00:00.000,27.083330,84.083330,[]
,48654,0,Valid,H4,0.0,2008-01-01T00:00:00.000,52.996000,-109.848170,[]
,5185,0,Valid,L/LL6,0.0,1870-01-01T00:00:00.000,37.983330,-1.166670,[]
,5186,0,Valid,"Iron, IIIAB",0.0,1886-01-01T00:00:00.000,35.500000,-93.500000,[]
,5187,0,Valid,OC,0.0,1919-01-01T00:00:00.000,43.838890,20.333330,[]
,45976,0,Valid,H/L4,0.0,2007-01-01T00:00:00.000,3.405000,-76.510000,[]
,5200,0,Valid,Stone-uncl,0.0,1916-01-01T00:00:00.000,11.750000,122.333330,[]
,5249,0,Valid,L5,0.0,1991-01-01T00:00:00.000,-7.033330,-40.166670,[]
,5250,0,Valid,L6,0.0,1964-01-01T00:00:00.000,39.800000,26.600000,[]
,5251,0,Valid,H4,0.0,1861-01-01T00:00:00.000,41.250000,1.666670,[]
,5252,0,Valid,H5,0.0,1866-01-01T00:00:00.000,43.383330,-5.150000,[]
,5253,0,Valid,H6,0.0,1973-01-01T00:00:00.000,38.470280,-105.241390,[]
,5260,0,Valid,H6,0.0,1846-01-01T00:00:00.000,37.266670,-89.583330,[]
,5264,0,Valid,H6,0.0,1934-01-01T00:00:00.000,-30.883330,-64.550000,[]
,45817,0,Valid,H4-5,0.0,2007-01-01T00:00:00.000,-16.664440,-69.043890,[]
,5265,0,Valid,LL6,0.0,1902-01-01T00:00:00.000,38.500000,27.000000,[]
,5291,0,Valid,H5,0.0,1874-01-01T00:00:00.000,36.083330,-78.066670,[]
,5292,0,Valid,Stone-uncl,0.0,1791-01-01T00:00:00.000,43.350000,11.500000,[]
,5293,0,Valid,L6,0.0,1848-01-01T00:00:00.000,44.383330,-68.750000,[]
,5295,0,Valid,Stone-uncl,0.0,1583-01-01T00:00:00.000,39.800000,16.200000,[]
,5296,0,Valid,OC,0.0,1810-01-01T00:00:00.000,36.500000,-79.250000,[]
,5306,0,Valid,L3.7,0.0,1988-01-01T00:00:00.000,26.466670,-105.233330,[]
,5307,0,Valid,H5,0.0,1956-01-01T00:00:00.000,43.200000,-96.916670,[]
,5308,0,Valid,H5,0.0,1840-01-01T00:00:00.000,45.083330,8.300000,[]
,5313,0,Valid,L6,0.0,1998-01-01T00:00:00.000,28.533330,109.316670,[]
,5314,0,Valid,H6,0.0,1814-01-01T00:00:00.000,25.366670,81.666670,[]
,5315,0,Valid,LL3.4,0.0,1907-01-01T00:00:00.000,25.850000,83.483330,[]
,5316,0,Valid,L5,0.0,1933-01-01T00:00:00.000,-30.783330,-58.050000,[]
,5320,0,Valid,L5,0.0,1838-01-01T00:00:00.000,20.266670,76.016670,[]
,5321,0,Valid,L6,0.0,1885-01-01T00:00:00.000,27.283330,79.050000,[]
,5322,0,Valid,H5,0.0,1977-01-01T00:00:00.000,29.083330,111.750000,[]
,5325,0,Valid,L6,0.0,1812-01-01T00:00:00.000,46.683330,1.050000,[]
,5328,0,Valid,"Iron, IVA",0.0,1835-01-01T00:00:00.000,36.166670,-87.333330,[]
,5329,0,Valid,H6,0.0,1810-01-01T00:00:00.000,47.933330,1.566670,[]
,5330,0,Valid,H6,0.0,1834-01-01T00:00:00.000,29.483330,75.500000,[]
,5331,0,Valid,Martian (chassignite),0.0,1815-01-01T00:00:00.000,47.716670,5.366670,[]
,5332,0,Valid,L6,0.0,1841-01-01T00:00:00.000,47.933330,2.916670,[]
,5334,0,Valid,Howardite,0.0,1925-01-01T00:00:00.000,41.933330,-7.466670,[]
,5338,0,Valid,H4,0.0,1988-01-01T00:00:00.000,-3.666670,32.500000,[]
,57165,0,Valid,LL5,0.0,2013-01-01T00:00:00.000,54.816670,61.116670,[]
,47347,0,Valid,H5,0.0,2007-01-01T00:00:00.000,23.696390,-5.014720,[]
,5339,0,Valid,H4,0.0,1964-01-01T00:00:00.000,53.700000,30.100000,[]
,5340,0,Valid,LL6,0.0,1933-01-01T00:00:00.000,35.033330,-81.883330,[]
,5341,0,Valid,L5,0.0,1901-01-01T00:00:00.000,46.550000,6.816670,[]
,5342,0,Valid,Eucrite-mmict,0.0,1939-01-01T00:00:00.000,50.833330,34.000000,[]
,5344,0,Valid,Stone-uncl,0.0,1880-01-01T00:00:00.000,14.500000,76.500000,[]
,5345,0,Valid,H6,0.0,1981-01-01T00:00:00.000,17.900000,101.633330,[]
,5349,0,Valid,LL6,0.0,1938-01-01T00:00:00.000,40.933330,-79.733330,[]
,5355,0,Valid,"Iron, IIIAB",0.0,1988-01-01T00:00:00.000,-10.059440,33.395000,[]
,5356,0,Valid,L6,0.0,1966-01-01T00:00:00.000,-17.350000,13.966670,[]
,5357,0,Valid,L6,0.0,1978-01-01T00:00:00.000,47.470830,0.976670,[]
,5364,0,Valid,L5,0.0,1979-01-01T00:00:00.000,-6.950000,108.100000,[]
,5374,0,Valid,L6,0.0,1984-01-01T00:00:00.000,32.102500,-81.872780,[]
,5383,0,Valid,L4,0.0,1822-01-01T00:00:00.000,0.0,0.0,[]
,5395,0,Valid,L6,0.0,1917-01-01T00:00:00.000,44.900000,-90.283330,[]
,5397,0,Valid,CM2,0.0,1838-01-01T00:00:00.000,-33.133330,19.383330,[]
,5401,0,Valid,L6,0.0,1994-01-01T00:00:00.000,43.761110,-84.507780,[]
,5403,0,Valid,H5,0.0,1890-01-01T00:00:00.000,42.533330,12.616670,[]
,5418,0,Valid,H4,0.0,1965-01-01T00:00:00.000,-19.850000,-47.550000,[]
,5451,0,Valid,H5,0.0,1844-01-01T00:00:00.000,21.166670,-100.866670,[]
,5465,0,Valid,L6,0.0,1917-01-01T00:00:00.000,10.200000,76.266670,[]
,5470,0,Valid,CM2,0.0,1936-01-01T00:00:00.000,35.950000,-97.583330,[]
,5474,0,Valid,H5,0.0,1877-01-01T00:00:00.000,-27.700000,27.300000,[]
,5476,0,Valid,H5,0.0,1892-01-01T00:00:00.000,35.633330,-78.133330,[]
,5477,0,Valid,L5,0.0,1902-01-01T00:00:00.000,54.616670,-6.216670,[]
,5496,0,Valid,Aubrite,0.0,1919-01-01T00:00:00.000,36.833330,-84.350000,[]
,5500,0,Valid,L/LL4,0.0,1877-01-01T00:00:00.000,38.400000,-84.250000,[]
,5504,0,Valid,LL6,0.0,1981-01-01T00:00:00.000,35.616670,8.833330,[]
,5511,0,Valid,L6,0.0,1878-01-01T00:00:00.000,26.916670,83.966670,[]
,5513,0,Valid,EL6,0.0,1868-01-01T00:00:00.000,-28.200000,24.566670,[]
,5514,0,Valid,L6,0.0,1868-01-01T00:00:00.000,34.400000,-87.066670,[]
,6603,0,Valid,H5,0.0,1804-01-01T00:00:00.000,49.866670,8.650000,[]
,6604,0,Valid,H5,0.0,1998-01-01T00:00:00.000,41.984440,59.685000,[]
,51559,0,Valid,L5,0.0,2008-01-01T00:00:00.000,-1.870890,-79.957560,[]
,6621,0,Valid,H6,0.0,1887-01-01T00:00:00.000,43.000000,-80.000000,[]
,6634,0,Valid,L6,0.0,1829-01-01T00:00:00.000,40.250000,-74.000000,[]
,6642,0,Valid,L5,0.0,1897-01-01T00:00:00.000,28.566670,77.250000,[]
,6649,0,Valid,L6,0.0,1911-01-01T00:00:00.000,51.466670,84.766670,[]
,6660,0,Valid,L6,0.0,1967-01-01T00:00:00.000,39.782500,-104.930560,[]
,6664,0,Valid,H5,0.0,2001-01-01T00:00:00.000,26.683330,93.866670,[]
,6693,0,Valid,H6,0.0,1962-01-01T00:00:00.000,25.733330,73.616670,[]
,6694,0,Valid,H3.8,0.0,2001-01-01T00:00:00.000,19.000000,81.000000,[]
,6696,0,Valid,L6,0.0,1994-01-01T00:00:00.000,24.225000,76.525000,[]
,6698,0,Valid,H3.8,0.0,1976-01-01T00:00:00.000,22.377780,71.427220,[]
,6699,0,Valid,OC,0.0,1848-01-01T00:00:00.000,14.883330,75.600000,[]
,7640,0,Valid,LL6,0.0,1860-01-01T00:00:00.000,32.233330,76.466670,[]
,47350,0,Valid,H3-5,0.0,2007-01-01T00:00:00.000,37.351720,27.329970,[]
,7642,0,Valid,L6,0.0,1906-01-01T00:00:00.000,-33.750000,18.566670,[]
,7649,0,Valid,H4,0.0,1957-01-01T00:00:00.000,-31.883330,-60.466670,[]
,7652,0,Valid,H6,0.0,1884-01-01T00:00:00.000,-7.500000,111.500000,[]
,7656,0,Valid,H,0.0,1961-01-01T00:00:00.000,12.733330,15.050000,[]
,7657,0,Valid,H5-6,0.0,1999-01-01T00:00:00.000,36.950000,9.550000,[]
,7658,0,Valid,H5,0.0,1903-01-01T00:00:00.000,23.500000,90.333330,[]
,7659,0,Valid,L6,0.0,1864-01-01T00:00:00.000,50.750000,25.300000,[]
,7661,0,Valid,L5,0.0,1907-01-01T00:00:00.000,40.000000,29.000000,[]
,7706,0,Valid,Mesosiderite,0.0,1995-01-01T00:00:00.000,45.500000,119.033330,[]
,7707,0,Valid,H6,0.0,1899-01-01T00:00:00.000,21.866670,82.450000,[]
,7708,0,Valid,LL6,0.0,1970-01-01T00:00:00.000,32.916670,120.783330,[]
,7718,0,Valid,H5-7,0.0,1805-01-01T00:00:00.000,51.200000,112.300000,[]
,7722,0,Valid,L6,0.0,1962-01-01T00:00:00.000,13.050000,3.166670,[]
,7723,0,Valid,LL6,0.0,1932-01-01T00:00:00.000,32.333330,-6.300000,[]
,7725,0,Valid,Stone-uncl,0.0,1976-01-01T00:00:00.000,-13.666670,33.916670,[]
,7728,0,Valid,L6,0.0,1827-01-01T00:00:00.000,36.400000,-86.500000,[]
,7731,0,Valid,H6,0.0,1939-01-01T00:00:00.000,42.520000,-82.260000,[]
,7736,0,Valid,L3-6,0.0,1951-01-01T00:00:00.000,42.458330,18.441670,[]
,7743,0,Valid,L6,0.0,1999-01-01T00:00:00.000,-31.666670,152.833330,[]
,7745,0,Valid,H5,0.0,1865-01-01T00:00:00.000,52.550000,-8.033330,[]
,7749,0,Valid,Stone-uncl,0.0,1976-01-01T00:00:00.000,43.333330,128.250000,[]
,7750,0,Valid,L6,0.0,1815-01-01T00:00:00.000,30.300000,76.633330,[]
,7752,0,Valid,L6,0.0,1853-01-01T00:00:00.000,-4.000000,39.500000,[]
,7754,0,Valid,L6,0.0,1943-01-01T00:00:00.000,33.433330,127.266670,[]
,7755,0,Valid,H4-6,0.0,1970-01-01T00:00:00.000,-27.200000,31.316670,[]
,7757,0,Valid,Ureilite,0.0,1872-01-01T00:00:00.000,26.250000,82.000000,[]
,7758,0,Valid,Mesosiderite-A1,0.0,1933-01-01T00:00:00.000,-3.000000,151.000000,[]
,7760,0,Valid,EL6,0.0,1947-01-01T00:00:00.000,40.781670,-96.471670,[]
,7774,0,Valid,H5,0.0,1961-01-01T00:00:00.000,-17.300000,15.833330,[]
,7775,0,Valid,H5,0.0,1785-01-01T00:00:00.000,48.900000,11.216670,[]
,7776,0,Valid,H4,0.0,1939-01-01T00:00:00.000,56.033330,13.000000,[]
,7777,0,Valid,H6,0.0,1916-01-01T00:00:00.000,28.266670,78.783330,[]
,7807,0,Valid,L6,0.0,1989-01-01T00:00:00.000,34.416670,3.250000,[]
,45977,0,Valid,H5,0.0,1977-01-01T00:00:00.000,25.370000,-97.370000,[]
,7819,0,Valid,L6,0.0,1993-01-01T00:00:00.000,19.967220,-103.051670,[]
,7822,0,Valid,LL6,0.0,1998-01-01T00:00:00.000,39.246670,-104.588170,[]
,7823,0,Valid,"Iron, IID",0.0,1400-01-01T00:00:00.000,50.183330,12.733330,[]
,7824,0,Valid,L5,0.0,1951-01-01T00:00:00.000,47.833330,37.666670,[]
,10019,0,Valid,Diogenite,0.0,1925-01-01T00:00:00.000,51.750000,4.000000,[]
,10033,0,Valid,Eucrite-mmict,0.0,1900-01-01T00:00:00.000,-29.466670,151.616670,[]
,10038,0,Valid,H5,0.0,1974-01-01T00:00:00.000,30.300000,109.500000,[]
,10039,0,Valid,LL6,0.0,1492-01-01T00:00:00.000,47.866670,7.350000,[]
,10041,0,Valid,H5,0.0,1822-01-01T00:00:00.000,48.183330,6.466670,[]
,10042,0,Valid,CM2,0.0,1940-01-01T00:00:00.000,19.033330,81.891670,[]
,10043,0,Valid,Howardite,0.0,1911-01-01T00:00:00.000,40.300000,44.500000,[]
,10044,0,Valid,L5,0.0,1889-01-01T00:00:00.000,1.166670,44.166670,[]
,10049,0,Valid,H6,0.0,1812-01-01T00:00:00.000,52.216670,11.250000,[]
,10051,0,Valid,L6,0.0,1837-01-01T00:00:00.000,46.250000,-1.100000,[]
,10055,0,Valid,C2-ung,0.0,1957-01-01T00:00:00.000,2.883330,30.833330,[]
,10059,0,Valid,Mesosiderite-A3/4,0.0,1879-01-01T00:00:00.000,43.416670,-94.833330,[]
,10074,0,Valid,L5,0.0,1890-01-01T00:00:00.000,39.750000,-97.033330,[]
,10075,0,Valid,H4,0.0,1934-01-01T00:00:00.000,35.550000,-77.533330,[]
,10078,0,Valid,H5,0.0,1844-01-01T00:00:00.000,44.383330,2.816670,[]
,10079,0,Valid,H4,0.0,1934-01-01T00:00:00.000,36.050000,-94.166670,[]
,10080,0,Valid,H4,0.0,1875-01-01T00:00:00.000,36.883330,8.450000,[]
,10081,0,Valid,CO3.3,0.0,1900-01-01T00:00:00.000,32.533330,-87.166670,[]
,10086,0,Valid,H5,0.0,1924-01-01T00:00:00.000,34.600000,116.750000,[]
,10088,0,Valid,OC,0.0,1889-01-01T00:00:00.000,36.100000,-81.416670,[]
,10091,0,Valid,H3-5,0.0,1996-01-01T00:00:00.000,43.181110,13.753330,[]
,10107,0,Valid,L6,0.0,1894-01-01T00:00:00.000,47.816670,-96.850000,[]
,10111,0,Valid,H3,0.0,1922-01-01T00:00:00.000,30.833330,-97.766670,[]
,10119,0,Valid,H5,0.0,1890-01-01T00:00:00.000,43.250000,-93.666670,[]
,10120,0,Valid,H4,0.0,1942-01-01T00:00:00.000,-33.350000,146.858330,[]
,10123,0,Valid,L6,0.0,1924-01-01T00:00:00.000,36.783330,-78.083330,[]
,10163,0,Valid,H6,0.0,1900-01-01T00:00:00.000,50.950000,7.316670,[]
,10164,0,Valid,L6,0.0,1829-01-01T00:00:00.000,33.016670,-83.966670,[]
,10166,0,Valid,Stone-uncl,0.0,1944-01-01T00:00:00.000,28.250000,7.000000,[]
,10177,0,Valid,Howardite,0.0,1868-01-01T00:00:00.000,34.483330,-87.833330,[]
,52412,0,Valid,L5,0.0,1945-01-01T00:00:00.000,31.475560,113.566940,[]
,10836,0,Valid,L5,0.0,1882-01-01T00:00:00.000,33.183330,130.200000,[]
,10838,0,Valid,Stone-uncl,0.0,1654-01-01T00:00:00.000,55.333330,10.333330,[]
,10839,0,Valid,L6,0.0,1822-01-01T00:00:00.000,25.950000,80.816670,[]
,10840,0,Valid,Stone-uncl,0.0,1977-01-01T00:00:00.000,32.900000,115.900000,[]
,10846,0,Valid,H6,0.0,1826-01-01T00:00:00.000,44.300000,0.400000,[]
,10848,0,Valid,LL6,0.0,1952-01-01T00:00:00.000,7.050000,12.433330,[]
,10849,0,Valid,EH3/4-an,0.0,1952-01-01T00:00:00.000,7.050000,12.433330,[]
,10850,0,Valid,H4,0.0,1995-01-01T00:00:00.000,51.683330,30.783330,[]
,10851,0,Valid,L6,0.0,1897-01-01T00:00:00.000,27.350000,68.533330,[]
,10854,0,Valid,H5,0.0,1960-01-01T00:00:00.000,11.650000,-2.183330,[]
,10860,0,Valid,"Iron, IIE",0.0,1917-01-01T00:00:00.000,27.883330,68.533330,[]
,10861,0,Valid,Diogenite-pm,0.0,1950-01-01T00:00:00.000,41.683330,-112.133330,[]
,44882,0,Valid,L6,0.0,1984-01-01T00:00:00.000,12.850000,11.033330,[]
,10866,0,Valid,H5,0.0,2000-01-01T00:00:00.000,14.150830,-2.041670,[]
,10870,0,Valid,H5,0.0,1950-01-01T00:00:00.000,12.916670,11.916670,[]
,10914,0,Valid,L6,0.0,1909-01-01T00:00:00.000,35.533330,136.883330,[]
,10917,0,Valid,L6,0.0,1853-01-01T00:00:00.000,37.316670,13.566670,[]
,10919,0,Valid,L6,0.0,1947-01-01T00:00:00.000,9.600000,9.916670,[]
,10923,0,Valid,L/LL5,0.0,1990-01-01T00:00:00.000,52.200000,6.866670,[]
,10924,0,Valid,H5-6,0.0,1939-01-01T00:00:00.000,-7.250000,107.700000,[]
,10926,0,Valid,H4,0.0,1918-01-01T00:00:00.000,57.350000,37.616670,[]
,10930,0,Valid,L6,0.0,1991-01-01T00:00:00.000,52.459720,-0.300000,[]
,10936,0,Valid,H5,0.0,1879-01-01T00:00:00.000,50.666670,16.766670,[]
,10948,0,Valid,H6,0.0,1865-01-01T00:00:00.000,24.233330,89.050000,[]
,10949,0,Valid,H3.7,0.0,1974-01-01T00:00:00.000,48.283330,38.083330,[]
,10956,0,Valid,L6,0.0,1964-01-01T00:00:00.000,42.900000,2.250000,[]
,11196,0,Valid,L5,0.0,1976-01-01T00:00:00.000,60.666670,11.000000,[]
,50911,0,Valid,H5,0.0,2009-01-01T00:00:00.000,43.200000,-79.616670,[]
,11206,0,Valid,CV3,0.0,1861-01-01T00:00:00.000,43.666670,45.383330,[]
,11207,0,Valid,H5,0.0,1837-01-01T00:00:00.000,49.266670,18.716670,[]
,11208,0,Valid,L6,0.0,1881-01-01T00:00:00.000,46.350000,30.583330,[]
,11426,0,Valid,H4,0.0,1841-01-01T00:00:00.000,51.933330,15.500000,[]
,11429,0,Valid,H5,0.0,1910-01-01T00:00:00.000,52.866670,16.633330,[]
,11432,0,Valid,H6,0.0,1932-01-01T00:00:00.000,-33.000000,-58.616670,[]
,11435,0,Valid,H5,0.0,1996-01-01T00:00:00.000,39.804170,122.763890,[]
,11436,0,Valid,L6,0.0,1983-01-01T00:00:00.000,24.100000,105.000000,[]
,11437,0,Valid,L6,0.0,1980-01-01T00:00:00.000,37.100000,118.400000,[]
,11439,0,Valid,H6,0.0,1892-01-01T00:00:00.000,38.733330,-6.016670,[]
,11440,0,Valid,Stone-uncl,0.0,1891-01-01T00:00:00.000,43.766670,20.233330,[]
,11442,0,Valid,L5,0.0,1972-01-01T00:00:00.000,13.500000,-0.683330,[]
,11443,0,Valid,LL5,0.0,1949-01-01T00:00:00.000,9.916670,13.983330,[]
,11448,0,Valid,H5,0.0,1982-01-01T00:00:00.000,22.983330,76.050000,[]
,11449,0,Valid,CBa,0.0,1984-01-01T00:00:00.000,11.491670,11.658330,[]
,11450,0,Valid,H5,0.0,1904-01-01T00:00:00.000,42.900000,24.700000,[]
,11464,0,Valid,L6,0.0,1814-01-01T00:00:00.000,13.783330,78.566670,[]
,11465,0,Valid,H4/5,0.0,1981-01-01T00:00:00.000,9.366670,42.416670,[]
,11466,0,Valid,H3/4,0.0,1851-01-01T00:00:00.000,51.916670,8.383330,[]
,11467,0,Valid,OC,0.0,1930-01-01T00:00:00.000,35.000000,127.500000,[]
,11468,0,Valid,H?,0.0,1817-01-01T00:00:00.000,35.650000,139.333330,[]
,11472,0,Valid,H3-6,0.0,1934-01-01T00:00:00.000,50.316670,3.733330,[]
,11479,0,Valid,L3.4,0.0,1944-01-01T00:00:00.000,57.816670,16.233330,[]
,11485,0,Valid,LL4,0.0,1959-01-01T00:00:00.000,41.383330,-86.600000,[]
,11824,0,Valid,Eucrite-mmict,0.0,1878-01-01T00:00:00.000,26.800000,82.533330,[]
,11829,0,Valid,CM2,0.0,1921-01-01T00:00:00.000,28.383330,75.783330,[]
,11830,0,Valid,L6,0.0,1961-01-01T00:00:00.000,32.675000,-94.511670,[]
,11842,0,Valid,L6,0.0,1859-01-01T00:00:00.000,38.250000,-86.166670,[]
,11848,0,Valid,H4,0.0,1910-01-01T00:00:00.000,35.294500,136.700330,[]
,11852,0,Valid,"Iron, IAB-sHL",0.0,1890-01-01T00:00:00.000,28.950000,0.816670,[]
,11855,0,Valid,Stone-uncl,0.0,1628-01-01T00:00:00.000,51.650000,-1.516670,[]
,11859,0,Valid,Ureilite,0.0,1971-01-01T00:00:00.000,60.245560,22.061940,[]
,11869,0,Valid,H5,0.0,1922-01-01T00:00:00.000,55.466670,13.783330,[]
,11870,0,Valid,L3.7-6,0.0,1910-01-01T00:00:00.000,27.333330,35.666670,[]
,11875,0,Valid,H5,0.0,1857-01-01T00:00:00.000,10.000000,-84.100000,[]
,11878,0,Valid,H5,0.0,1869-01-01T00:00:00.000,59.850000,17.666670,[]
,11883,0,Valid,H5,0.0,1897-01-01T00:00:00.000,33.600000,130.433330,[]
,11884,0,Valid,L6,0.0,1804-01-01T00:00:00.000,55.900000,-4.233330,[]
,11889,0,Valid,H5,0.0,2003-01-01T00:00:00.000,34.450000,132.383330,[]
,44714,0,Valid,H6,0.0,2003-01-01T00:00:00.000,1.345000,31.472780,[]
,11893,0,Valid,L4,0.0,1954-01-01T00:00:00.000,64.433330,21.200000,[]
,11894,0,Valid,L/LL6,0.0,1912-01-01T00:00:00.000,34.900000,-110.183330,[]
,11895,0,Valid,Stone-uncl,0.0,1923-01-01T00:00:00.000,9.066670,38.416670,[]
,11901,0,Valid,L5,0.0,1875-01-01T00:00:00.000,41.800000,-91.866670,[]
,11904,0,Valid,L5,0.0,1825-01-01T00:00:00.000,21.300000,-157.866670,[]
,11913,0,Valid,L6,0.0,1956-01-01T00:00:00.000,35.666670,115.500000,[]
,11915,0,Valid,OC,0.0,1963-01-01T00:00:00.000,39.350000,-100.450000,[]
,11916,0,Valid,"Iron, IID",0.0,1751-01-01T00:00:00.000,46.100000,16.333330,[]
,54719,0,Valid,H5,0.0,2010-01-01T00:00:00.000,26.464690,106.632410,[]
,11986,0,Valid,H6,0.0,1877-01-01T00:00:00.000,50.300000,8.916670,[]
,11989,0,Valid,EL6,0.0,1901-01-01T00:00:00.000,61.183330,22.683330,[]
,11992,0,Valid,Diogenite,0.0,1870-01-01T00:00:00.000,52.283330,7.700000,[]
,11993,0,Valid,Eucrite-mmict,0.0,1957-01-01T00:00:00.000,-20.000000,-45.000000,[]
,11994,0,Valid,OC,0.0,1949-01-01T00:00:00.000,38.000000,35.000000,[]
,11995,0,Valid,H6,0.0,1936-01-01T00:00:00.000,58.200000,82.933330,[]
,12000,0,Valid,H5,0.0,1956-01-01T00:00:00.000,-32.100000,28.333330,[]
,12003,0,Valid,H5,0.0,1977-01-01T00:00:00.000,-23.200000,-51.833330,[]
,12004,0,Valid,H6,0.0,1975-01-01T00:00:00.000,-6.033330,145.366670,[]
,12027,0,Valid,EH4,0.0,1891-01-01T00:00:00.000,39.750000,46.666670,[]
,12028,0,Valid,L6,0.0,1917-01-01T00:00:00.000,39.083330,-94.400000,[]
,12037,0,Valid,L6,0.0,1963-01-01T00:00:00.000,41.000000,112.000000,[]
,12039,0,Valid,L5,0.0,1977-01-01T00:00:00.000,53.415000,-111.337500,[]
,12043,0,Valid,H6,0.0,1972-01-01T00:00:00.000,-25.500000,-54.500000,[]
,12049,0,Valid,H,0.0,1954-01-01T00:00:00.000,-8.933330,33.800000,[]
,12053,0,Valid,H5,0.0,1928-01-01T00:00:00.000,-31.183330,-57.950000,[]
,12056,0,Valid,H5,0.0,1879-01-01T00:00:00.000,-3.400000,-44.333330,[]
,12058,0,Valid,EH7-an,0.0,1990-01-01T00:00:00.000,26.590830,-12.952170,[]
,12063,0,Valid,CI1,0.0,1938-01-01T00:00:00.000,-8.416670,32.433330,[]
,12065,0,Valid,L6,0.0,1903-01-01T00:00:00.000,-32.500000,21.900000,[]
,12067,0,Valid,EL6,0.0,1926-01-01T00:00:00.000,26.750000,68.416670,[]
,12068,0,Valid,Ureilite,0.0,1990-01-01T00:00:00.000,0.0,0.0,[]
,12069,0,Valid,Iron,0.0,1621-01-01T00:00:00.000,31.000000,75.000000,[]
,12072,0,Valid,H6,0.0,1866-01-01T00:00:00.000,18.750000,75.333330,[]
,12074,0,Valid,L6,0.0,1979-01-01T00:00:00.000,39.700000,105.800000,[]
,12078,0,Valid,LL6,0.0,1889-01-01T00:00:00.000,43.833330,20.441670,[]
,12079,0,Valid,L6,0.0,1901-01-01T00:00:00.000,0.0,0.0,[]
,51589,0,Valid,L6,0.0,2009-01-01T00:00:00.000,46.421370,14.052170,[]
,12085,0,Valid,L5,0.0,1873-01-01T00:00:00.000,31.300000,72.383330,[]
,12086,0,Valid,H5,0.0,1964-01-01T00:00:00.000,31.916670,104.916670,[]
,12087,0,Valid,"Iron, IIIAB",0.0,1890-01-01T00:00:00.000,30.808330,109.500000,[]
,12171,0,Valid,H5,0.0,1976-01-01T00:00:00.000,44.050000,126.166670,[]
,47362,0,Valid,L5,0.0,2006-01-01T00:00:00.000,22.680000,70.313330,[]
,12173,0,Valid,Howardite,0.0,1877-01-01T00:00:00.000,55.700000,24.400000,[]
,12198,0,Valid,Diogenite,0.0,1924-01-01T00:00:00.000,40.350000,-104.900000,[]
,12199,0,Valid,LL6,0.0,1974-01-01T00:00:00.000,-11.850000,15.833330,[]
,12202,0,Valid,Eucrite-mmict,0.0,1819-01-01T00:00:00.000,45.433330,-0.450000,[]
,12203,0,Valid,H5,0.0,1997-01-01T00:00:00.000,35.500000,115.416670,[]
,12207,0,Valid,H6,0.0,1876-01-01T00:00:00.000,12.850000,76.800000,[]
,12209,0,Valid,L6,0.0,1984-01-01T00:00:00.000,-7.716670,111.200000,[]
,12210,0,Valid,L6,0.0,1976-01-01T00:00:00.000,35.200000,118.800000,[]
,12213,0,Valid,"Iron, IIIAB",0.0,1968-01-01T00:00:00.000,38.740280,-7.270000,[]
,12214,0,Valid,Eucrite-mmict,0.0,1821-01-01T00:00:00.000,44.716670,4.300000,[]
,12218,0,Valid,CV3,0.0,1857-01-01T00:00:00.000,47.350000,21.300000,[]
,12220,0,Valid,H4,0.0,1971-01-01T00:00:00.000,11.850000,8.216670,[]
,12221,0,Valid,H6,0.0,1822-01-01T00:00:00.000,27.083330,78.333330,[]
,12222,0,Valid,H5,0.0,1838-01-01T00:00:00.000,27.250000,79.966670,[]
,12227,0,Valid,L6,0.0,1908-01-01T00:00:00.000,49.866670,30.833330,[]
,12228,0,Valid,CR2,0.0,1980-01-01T00:00:00.000,15.000000,48.300000,[]
,12229,0,Valid,CO3.2,0.0,1937-01-01T00:00:00.000,55.433330,53.250000,[]
,12230,0,Valid,K3,0.0,1890-01-01T00:00:00.000,12.383330,78.516670,[]
,12231,0,Valid,L6,0.0,1858-01-01T00:00:00.000,45.133330,21.666670,[]
,12232,0,Valid,H4,0.0,1951-01-01T00:00:00.000,-6.833330,29.500000,[]
,12236,0,Valid,L6,0.0,1879-01-01T00:00:00.000,17.833330,73.983330,[]
,12238,0,Valid,L6,0.0,1942-01-01T00:00:00.000,26.033330,81.466670,[]
,12240,0,Valid,H5,0.0,1913-01-01T00:00:00.000,36.041670,139.956670,[]
,12241,0,Valid,L6,0.0,1902-01-01T00:00:00.000,14.183330,75.800000,[]
,12243,0,Valid,L6,0.0,1959-01-01T00:00:00.000,31.600000,65.783330,[]
,12245,0,Valid,H5,0.0,1908-01-01T00:00:00.000,-7.000000,115.500000,[]
,12246,0,Valid,H5,0.0,1897-01-01T00:00:00.000,32.083330,76.300000,[]
,12251,0,Valid,Howardite,0.0,1942-01-01T00:00:00.000,4.700000,33.633330,[]
,47357,0,Valid,L5/6,0.0,2004-01-01T00:00:00.000,20.339160,73.223290,[]
,12253,0,Valid,L6,0.0,1937-01-01T00:00:00.000,42.450000,73.366670,[]
,12256,0,Valid,LL6,0.0,1840-01-01T00:00:00.000,47.216670,81.016670,[]
,12258,0,Valid,LL6,0.0,1963-01-01T00:00:00.000,-3.500000,35.583330,[]
,12260,0,Valid,L6,0.0,1949-01-01T00:00:00.000,12.900000,7.150000,[]
,12262,0,Valid,L6,0.0,1905-01-01T00:00:00.000,27.800000,67.166670,[]
,12263,0,Valid,L6,0.0,1955-01-01T00:00:00.000,31.583330,71.600000,[]
,12264,0,Valid,CK4,0.0,1930-01-01T00:00:00.000,-35.083330,139.916670,[]
,12266,0,Valid,H,0.0,1938-01-01T00:00:00.000,35.366670,136.766670,[]
,30740,0,Valid,H4,0.0,2003-01-01T00:00:00.000,29.583330,77.583330,[]
,35465,0,Valid,L6,0.0,1999-01-01T00:00:00.000,11.333330,10.083330,[]
,47351,0,Valid,"Iron, IIE-an",0.0,2006-01-01T00:00:00.000,25.143330,75.813330,[]
,12268,0,Valid,"Iron, IIIAB",0.0,1961-01-01T00:00:00.000,39.263330,31.780000,[]
,12270,0,Valid,L4,0.0,1940-01-01T00:00:00.000,-7.750000,112.016670,[]
,53654,0,Valid,L4,0.0,2008-01-01T00:00:00.000,36.541940,29.418220,[]
,12275,0,Valid,L4,0.0,1939-01-01T00:00:00.000,29.450000,-96.000000,[]
,12276,0,Valid,H4-5,0.0,2003-01-01T00:00:00.000,20.462500,86.702780,[]
,12282,0,Valid,H5,0.0,1874-01-01T00:00:00.000,48.400000,-3.300000,[]
,12284,0,Valid,H6,0.0,1869-01-01T00:00:00.000,48.116670,-3.083330,[]
,12286,0,Valid,H4,0.0,1850-01-01T00:00:00.000,38.983330,141.616670,[]
,12288,0,Valid,EL6,0.0,1873-01-01T00:00:00.000,29.533330,72.300000,[]
,12289,0,Valid,LL5,0.0,1932-01-01T00:00:00.000,25.550000,83.116670,[]
,12291,0,Valid,L6,0.0,1787-01-01T00:00:00.000,50.625000,35.075000,[]
,12294,0,Valid,L6,0.0,1860-01-01T00:00:00.000,26.950000,77.883330,[]
,12296,0,Valid,H6,0.0,1867-01-01T00:00:00.000,28.016670,75.816670,[]
,12297,0,Valid,L5,0.0,1929-01-01T00:00:00.000,56.750000,75.333330,[]
,12298,0,Valid,L3.6,0.0,1910-01-01T00:00:00.000,25.100000,81.533330,[]
,12299,0,Valid,Aubrite,0.0,1932-01-01T00:00:00.000,16.000000,36.000000,[]
,12300,0,Valid,H6,0.0,1983-01-01T00:00:00.000,14.000000,28.000000,[]
,12301,0,Valid,L6,0.0,1962-01-01T00:00:00.000,54.400000,10.150000,[]
,12303,0,Valid,H5,0.0,1970-01-01T00:00:00.000,16.583330,-11.333330,[]
,12305,0,Valid,Stone-uncl,0.0,1906-01-01T00:00:00.000,36.850000,138.383330,[]
,12306,0,Valid,H6,0.0,1809-01-01T00:00:00.000,55.000000,34.000000,[]
,12307,0,Valid,LL6,0.0,2002-01-01T00:00:00.000,12.766670,9.800000,[]
,12308,0,Valid,H5,0.0,1911-01-01T00:00:00.000,43.583330,-89.600000,[]
,12309,0,Valid,H6,0.0,1844-01-01T00:00:00.000,54.666670,-7.666670,[]
,12316,0,Valid,H6,0.0,1967-01-01T00:00:00.000,11.633330,24.683330,[]
,12321,0,Valid,Eucrite-mmict,0.0,1906-01-01T00:00:00.000,30.750000,-95.950000,[]
,12325,0,Valid,L6,0.0,1914-01-01T00:00:00.000,48.166670,22.308330,[]
,12326,0,Valid,L6,0.0,1998-01-01T00:00:00.000,43.383330,-80.383330,[]
,12332,0,Valid,H6,0.0,1843-01-01T00:00:00.000,51.600000,10.800000,[]
,12335,0,Valid,L/LL5,0.0,1866-01-01T00:00:00.000,48.900000,22.400000,[]
,12336,0,Valid,CK4,0.0,1999-01-01T00:00:00.000,34.733330,135.166670,[]
,12342,0,Valid,L6,0.0,1986-01-01T00:00:00.000,34.300000,133.950000,[]
,12343,0,Valid,Iron,0.0,1926-01-01T00:00:00.000,35.733330,139.750000,[]
,12344,0,Valid,LL5,0.0,1931-01-01T00:00:00.000,42.516670,26.166670,[]
,53810,0,Valid,H5,0.0,2010-01-01T00:00:00.000,48.763670,21.176330,[]
,12353,0,Valid,LL5,0.0,1869-01-01T00:00:00.000,49.326940,7.464720,[]
,12355,0,Valid,L6,0.0,1829-01-01T00:00:00.000,54.033330,40.900000,[]
,12357,0,Valid,H5,0.0,1946-01-01T00:00:00.000,54.333330,56.083330,[]
,12363,0,Valid,OC,0.0,1906-01-01T00:00:00.000,56.800000,77.000000,[]
,12364,0,Valid,LL3.2,0.0,1946-01-01T00:00:00.000,47.833330,30.766670,[]
,12368,0,Valid,L6,0.0,1938-01-01T00:00:00.000,51.150000,31.700000,[]
,12369,0,Valid,L5,0.0,1961-01-01T00:00:00.000,30.731110,66.802220,[]
,12370,0,Valid,L6,0.0,1811-01-01T00:00:00.000,50.750000,33.500000,[]
,12373,0,Valid,H6,0.0,1906-01-01T00:00:00.000,41.116670,45.000000,[]
,12377,0,Valid,L6,0.0,1949-01-01T00:00:00.000,55.783330,61.366670,[]
,12379,0,Valid,H5,0.0,1998-01-01T00:00:00.000,42.250000,59.200000,[]
,12381,0,Valid,OC,0.0,1920-01-01T00:00:00.000,37.050000,138.383330,[]
,12382,0,Valid,L6,0.0,1860-01-01T00:00:00.000,29.683330,78.383330,[]
,12383,0,Valid,H5,0.0,1977-01-01T00:00:00.000,44.516670,39.300000,[]
,12384,0,Valid,L6,0.0,1914-01-01T00:00:00.000,10.833330,76.033330,[]
,12385,0,Valid,L6,0.0,1932-01-01T00:00:00.000,55.200000,75.333330,[]
,12390,0,Valid,L6,0.0,1886-01-01T00:00:00.000,32.033330,130.633330,[]
,12392,0,Valid,L6,0.0,1879-01-01T00:00:00.000,47.083330,1.750000,[]
,12394,0,Valid,OC,0.0,1878-01-01T00:00:00.000,20.666670,-101.283330,[]
,12395,0,Valid,H5,0.0,1924-01-01T00:00:00.000,-37.333330,-61.533330,[]
,12396,0,Valid,L6,0.0,1985-01-01T00:00:00.000,-31.233330,-58.166670,[]
,12408,0,Valid,H5,0.0,1871-01-01T00:00:00.000,44.283330,5.583330,[]
,12433,0,Valid,Ureilite,0.0,1955-01-01T00:00:00.000,26.783330,82.716670,[]
,12434,0,Valid,L6,0.0,1803-01-01T00:00:00.000,48.766670,0.633330,[]
,32531,0,Valid,Pallasite,0.0,2003-01-01T00:00:00.000,0.0,0.0,[]
,12435,0,Valid,Eucrite-mmict,0.0,1910-01-01T00:00:00.000,21.866670,76.033330,[]
,12451,0,Valid,L6,0.0,1887-01-01T00:00:00.000,24.450000,78.566670,[]
,12455,0,Valid,CO3.5,0.0,1872-01-01T00:00:00.000,47.700000,1.066670,[]
,12456,0,Valid,H6,0.0,1897-01-01T00:00:00.000,43.750000,5.116670,[]
,12461,0,Valid,L6,0.0,1947-01-01T00:00:00.000,58.850000,16.733330,[]
,12464,0,Valid,L6,0.0,1986-01-01T00:00:00.000,46.241670,126.196110,[]
,12465,0,Valid,L4,0.0,1925-01-01T00:00:00.000,47.750000,16.233330,[]
,12466,0,Valid,H5,0.0,1987-01-01T00:00:00.000,33.133330,115.166670,[]
,12740,0,Valid,L6,0.0,1830-01-01T00:00:00.000,51.900000,-1.116670,[]
,12743,0,Valid,L6,0.0,1938-01-01T00:00:00.000,52.450000,51.566670,[]
,12748,0,Valid,H5,0.0,1845-01-01T00:00:00.000,47.166670,0.433330,[]
,12749,0,Valid,Howardite,0.0,1845-01-01T00:00:00.000,48.533330,-0.866670,[]
,12755,0,Valid,L6,0.0,1943-01-01T00:00:00.000,35.883330,-99.333330,[]
,12756,0,Valid,L6,0.0,1912-01-01T00:00:00.000,-25.666670,28.366670,[]
,12759,0,Valid,L6,0.0,1999-01-01T00:00:00.000,52.666670,-6.966670,[]
,12760,0,Valid,H5,0.0,1907-01-01T00:00:00.000,34.583330,-87.500000,[]
,12765,0,Valid,L6,0.0,1900-01-01T00:00:00.000,52.266670,32.850000,[]
,12769,0,Valid,L6,0.0,1857-01-01T00:00:00.000,48.350000,3.250000,[]
,12772,0,Valid,L6,0.0,1896-01-01T00:00:00.000,50.366670,4.733330,[]
,14646,0,Valid,H6,0.0,1973-01-01T00:00:00.000,-26.150000,26.183330,[]
,14650,0,Valid,H5,0.0,1930-01-01T00:00:00.000,56.650000,15.866670,[]
,14652,0,Valid,H5,0.0,1813-01-01T00:00:00.000,52.566670,-8.783330,[]
,14655,0,Valid,L6,0.0,1854-01-01T00:00:00.000,52.750000,12.900000,[]
,14659,0,Valid,L5,0.0,1978-01-01T00:00:00.000,31.633330,118.983330,[]
,14661,0,Valid,L6,0.0,1808-01-01T00:00:00.000,50.200000,14.850000,[]
,14664,0,Valid,L5,0.0,1839-01-01T00:00:00.000,37.916670,-92.083330,[]
,14670,0,Valid,H4,0.0,1820-01-01T00:00:00.000,56.000000,26.433330,[]
,14675,0,Valid,Lodranite,0.0,1868-01-01T00:00:00.000,29.533330,71.800000,[]
,14678,0,Valid,Howardite,0.0,1994-01-01T00:00:00.000,26.965560,72.626670,[]
,52843,0,Valid,L6,0.0,2010-01-01T00:00:00.000,38.700660,-77.211630,[]
,14708,0,Valid,L6,0.0,1894-01-01T00:00:00.000,38.000000,-0.833330,[]
,14711,0,Valid,H5,0.0,1970-01-01T00:00:00.000,36.008330,-95.150000,[]
,14716,0,Valid,L6,0.0,1977-01-01T00:00:00.000,38.250000,-85.750000,[]
,14718,0,Valid,Mesosiderite-A3,0.0,1935-01-01T00:00:00.000,52.000000,19.916670,[]
,14721,0,Valid,L5,0.0,1926-01-01T00:00:00.000,24.950000,75.150000,[]
,14724,0,Valid,L6,0.0,1768-01-01T00:00:00.000,47.850000,0.483330,[]
,14753,0,Valid,L6,0.0,1869-01-01T00:00:00.000,32.033330,-84.766670,[]
,14754,0,Valid,H6,0.0,1980-01-01T00:00:00.000,24.800000,103.300000,[]
,14755,0,Valid,L6,0.0,1889-01-01T00:00:00.000,56.216670,13.033330,[]
,14756,0,Valid,Howardite,0.0,1813-01-01T00:00:00.000,61.200000,27.700000,[]
,14757,0,Valid,H3-5,0.0,1753-01-01T00:00:00.000,46.216670,5.000000,[]
,14759,0,Valid,Unknown,0.0,1951-01-01T00:00:00.000,-7.216670,29.433330,[]
,14764,0,Valid,L5,0.0,1937-01-01T00:00:00.000,19.000000,97.000000,[]
,15370,0,Valid,H5,0.0,1836-01-01T00:00:00.000,-5.200000,-36.666670,[]
,15371,0,Valid,L6,0.0,1981-01-01T00:00:00.000,-15.212220,35.242220,[]
,15372,0,Valid,Eucrite-pmict,0.0,1936-01-01T00:00:00.000,-28.833330,31.950000,[]
,15379,0,Valid,L,0.0,1950-01-01T00:00:00.000,25.916670,86.366670,[]
,15380,0,Valid,L6,0.0,1935-01-01T00:00:00.000,-7.750000,111.533330,[]
,15382,0,Valid,L6,0.0,1896-01-01T00:00:00.000,40.416670,-3.716670,[]
,15383,0,Valid,L3-4,0.0,1941-01-01T00:00:00.000,-26.166670,-49.933330,[]
,15386,0,Valid,"Iron, IAB-sHL",0.0,1899-01-01T00:00:00.000,37.866670,27.516670,[]
,15387,0,Valid,H3-5,0.0,1990-01-01T00:00:00.000,-19.483330,31.650000,[]
,47361,0,Valid,H4/5,0.0,2007-01-01T00:00:00.000,27.666670,95.783330,[]
,30751,0,Valid,H5/6,0.0,2004-01-01T00:00:00.000,12.833330,9.383330,[]
,15393,0,Valid,OC,0.0,1933-01-01T00:00:00.000,32.216670,-104.000000,[]
,15394,0,Valid,L5,0.0,1970-01-01T00:00:00.000,9.500000,31.750000,[]
,15395,0,Valid,H,0.0,1930-01-01T00:00:00.000,-3.133330,33.516670,[]
,15397,0,Valid,H5,0.0,1931-01-01T00:00:00.000,-28.933330,-63.233330,[]
,15400,0,Valid,Eucrite-pmict,0.0,1933-01-01T00:00:00.000,-29.450000,26.766670,[]
,15401,0,Valid,L6,0.0,1927-01-01T00:00:00.000,45.216670,62.083330,[]
,15402,0,Valid,LL6,0.0,1863-01-01T00:00:00.000,23.050000,86.700000,[]
,15403,0,Valid,Diogenite,0.0,1843-01-01T00:00:00.000,20.966670,76.100000,[]
,15405,0,Valid,LL6,0.0,1934-01-01T00:00:00.000,-17.650000,31.600000,[]
,15409,0,Valid,LL3.4,0.0,1951-01-01T00:00:00.000,45.816670,44.633330,[]
,15414,0,Valid,H5,0.0,1948-01-01T00:00:00.000,34.233330,72.083330,[]
,15418,0,Valid,L4,0.0,1925-01-01T00:00:00.000,0.0,0.0,[]
,15419,0,Valid,Iron,0.0,1898-01-01T00:00:00.000,42.716670,-99.383330,[]
,48973,0,Valid,CM2,0.0,2009-01-01T00:00:00.000,54.761830,11.467450,[]
,15421,0,Valid,H6,0.0,1941-01-01T00:00:00.000,4.666670,29.250000,[]
,15422,0,Valid,H4,0.0,1971-01-01T00:00:00.000,-22.250000,-49.933330,[]
,15424,0,Valid,L6,0.0,1847-01-01T00:00:00.000,41.900000,-91.600000,[]
,15426,0,Valid,"Pallasite, PMG",0.0,1902-01-01T00:00:00.000,61.500000,30.500000,[]
,15429,0,Valid,L5,0.0,1848-01-01T00:00:00.000,44.500000,0.150000,[]
,15430,0,Valid,L6,0.0,2002-01-01T00:00:00.000,-14.200000,48.100000,[]
,15436,0,Valid,L6,0.0,1983-01-01T00:00:00.000,35.800000,-84.100000,[]
,15438,0,Valid,L6,0.0,1836-01-01T00:00:00.000,45.366670,1.866670,[]
,53653,0,Valid,H5,0.0,2010-01-01T00:00:00.000,0.000000,0.000000,[]
,15443,0,Valid,Howardite,0.0,1803-01-01T00:00:00.000,48.133330,12.616670,[]
,15446,0,Valid,L6,0.0,1768-01-01T00:00:00.000,48.183330,13.133330,[]
,15447,0,Valid,L6,0.0,1801-01-01T00:00:00.000,-20.000000,57.000000,[]
,15451,0,Valid,Aubrite,0.0,1974-01-01T00:00:00.000,8.966670,12.083330,[]
,15453,0,Valid,"Iron, IAB-sLL",0.0,1885-01-01T00:00:00.000,24.683330,-101.683330,[]
,15454,0,Valid,L6,0.0,1942-01-01T00:00:00.000,-1.216670,30.000000,[]
,15455,0,Valid,L5/6,0.0,1992-01-01T00:00:00.000,1.066670,34.166670,[]
,15467,0,Valid,Eucrite-cm,0.0,1953-01-01T00:00:00.000,-27.250000,-67.500000,[]
,15469,0,Valid,H5,0.0,1861-01-01T00:00:00.000,29.016670,77.800000,[]
,15470,0,Valid,H5,0.0,1915-01-01T00:00:00.000,-6.233330,106.883330,[]
,15485,0,Valid,H4,0.0,1862-01-01T00:00:00.000,53.183330,13.150000,[]
,15486,0,Valid,L5,0.0,1903-01-01T00:00:00.000,46.818670,7.218170,[]
,15489,0,Valid,L6,0.0,1878-01-01T00:00:00.000,55.050000,12.066670,[]
,15491,0,Valid,LL6,0.0,1945-01-01T00:00:00.000,0.000000,37.666670,[]
,15492,0,Valid,H5,0.0,1920-01-01T00:00:00.000,25.483330,81.983330,[]
,15495,0,Valid,L5,0.0,1955-01-01T00:00:00.000,38.183330,15.566670,[]
,16626,0,Valid,L6,0.0,1897-01-01T00:00:00.000,50.583330,11.100000,[]
,16627,0,Valid,L6,0.0,1949-01-01T00:00:00.000,45.766670,3.250000,[]
,16628,0,Valid,L3.7,0.0,1852-01-01T00:00:00.000,46.500000,25.733330,[]
,16629,0,Valid,L6,0.0,1827-01-01T00:00:00.000,25.900000,83.616670,[]
,16631,0,Valid,H5,0.0,1980-01-01T00:00:00.000,34.800000,111.700000,[]
,16632,0,Valid,L6,0.0,1881-01-01T00:00:00.000,54.566670,-1.166670,[]
,52090,0,Valid,L5,0.0,2010-01-01T00:00:00.000,42.907500,-90.365560,[]
,16634,0,Valid,CM2,0.0,1889-01-01T00:00:00.000,48.066670,30.966670,[]
,16635,0,Valid,L6,0.0,1992-01-01T00:00:00.000,35.568330,133.220000,[]
,16636,0,Valid,L6,0.0,1944-01-01T00:00:00.000,46.233330,17.533330,[]
,16640,0,Valid,L6,0.0,1842-01-01T00:00:00.000,46.183330,16.100000,[]
,16643,0,Valid,Eucrite-mmict,0.0,1960-01-01T00:00:00.000,-26.450000,120.366670,[]
,16645,0,Valid,H5,0.0,1930-01-01T00:00:00.000,35.400000,-92.050000,[]
,16692,0,Valid,L,0.0,1632-01-01T00:00:00.000,35.078330,136.933330,[]
,16696,0,Valid,Pallasite,0.0,1826-01-01T00:00:00.000,37.283330,14.700000,[]
,16697,0,Valid,LL6,0.0,1952-01-01T00:00:00.000,32.333330,120.666670,[]
,16700,0,Valid,OC,0.0,1905-01-01T00:00:00.000,47.700000,16.600000,[]
,16701,0,Valid,L5,0.0,1910-01-01T00:00:00.000,25.683330,83.250000,[]
,16703,0,Valid,H5,0.0,1890-01-01T00:00:00.000,56.666670,23.000000,[]
,16707,0,Valid,H,0.0,1898-01-01T00:00:00.000,61.733330,5.933330,[]
,16709,0,Valid,L5-6,0.0,1882-01-01T00:00:00.000,46.800000,24.033330,[]
,16711,0,Valid,L6,0.0,1905-01-01T00:00:00.000,38.500000,-101.100000,[]
,16713,0,Valid,CV3,0.0,1908-01-01T00:00:00.000,-39.633330,174.400000,[]
,16715,0,Valid,H5,0.0,1858-01-01T00:00:00.000,38.116670,-1.166670,[]
,16717,0,Valid,Howardite,0.0,1953-01-01T00:00:00.000,-31.250000,26.466670,[]
,16719,0,Valid,H5,0.0,1998-01-01T00:00:00.000,31.608330,-102.858330,[]
,16720,0,Valid,H4,0.0,1849-01-01T00:00:00.000,35.250000,-80.500000,[]
,16725,0,Valid,L5,0.0,1950-01-01T00:00:00.000,38.016670,-8.250000,[]
,16726,0,Valid,L5,0.0,1846-01-01T00:00:00.000,43.266670,13.350000,[]
,16727,0,Valid,H5,0.0,1923-01-01T00:00:00.000,43.390560,1.962500,[]
,16729,0,Valid,L6,0.0,1838-01-01T00:00:00.000,47.633330,1.583330,[]
,16733,0,Valid,L6,0.0,1950-01-01T00:00:00.000,-15.966670,27.350000,[]
,16736,0,Valid,Eucrite-cm,0.0,1913-01-01T00:00:00.000,35.416670,-79.383330,[]
,16737,0,Valid,H5,0.0,1810-01-01T00:00:00.000,52.450000,-8.333330,[]
,16738,0,Valid,L6,0.0,1930-01-01T00:00:00.000,-40.975000,145.600000,[]
,16740,0,Valid,L6,0.0,1808-01-01T00:00:00.000,28.783330,78.833330,[]
,16742,0,Valid,H5,0.0,2000-01-01T00:00:00.000,49.600000,18.533330,[]
,16747,0,Valid,H5,0.0,1875-01-01T00:00:00.000,44.600000,5.133330,[]
,36592,0,Valid,CO3.6,0.0,2006-01-01T00:00:00.000,59.433330,10.700000,[]
,16759,0,Valid,H6,0.0,1868-01-01T00:00:00.000,26.833330,77.333330,[]
,16762,0,Valid,H4,0.0,1868-01-01T00:00:00.000,45.200000,8.500000,[]
,16766,0,Valid,H6,0.0,1902-01-01T00:00:00.000,-29.800000,141.700000,[]
,16804,0,Valid,L5,0.0,1991-01-01T00:00:00.000,18.700000,4.800000,[]
,16805,0,Valid,Stone-uncl,0.0,1637-01-01T00:00:00.000,44.083330,6.866670,[]
,16820,0,Valid,Stone-uncl,0.0,1944-01-01T00:00:00.000,-11.500000,33.500000,[]
,16841,0,Valid,L5,0.0,1865-01-01T00:00:00.000,12.633330,77.016670,[]
,16851,0,Valid,L,0.0,1795-01-01T00:00:00.000,9.333330,80.833330,[]
,16874,0,Valid,L6,0.0,1924-01-01T00:00:00.000,24.500000,90.216670,[]
,16875,0,Valid,CM2,0.0,1969-01-01T00:00:00.000,-36.616670,145.200000,[]
,16882,0,Valid,CM2,0.0,1950-01-01T00:00:00.000,36.600000,-88.100000,[]
,16885,0,Valid,"Iron, IAB-sHL",0.0,1964-01-01T00:00:00.000,26.133330,85.533330,[]
,16887,0,Valid,OC,0.0,1842-01-01T00:00:00.000,23.050000,72.633330,[]
,16889,0,Valid,H5,0.0,1956-01-01T00:00:00.000,12.000000,1.000000,[]
,16890,0,Valid,L6,0.0,1922-01-01T00:00:00.000,38.121670,140.061670,[]
,16892,0,Valid,Eucrite-cm,0.0,1875-01-01T00:00:00.000,26.983330,78.216670,[]
,16893,0,Valid,L5,0.0,1895-01-01T00:00:00.000,49.166670,19.500000,[]
,16898,0,Valid,Martian (nakhlite),0.0,1911-01-01T00:00:00.000,31.316670,30.350000,[]
,16899,0,Valid,L6,0.0,1923-01-01T00:00:00.000,13.733330,100.083330,[]
,16902,0,Valid,H5,0.0,1886-01-01T00:00:00.000,12.283330,79.200000,[]
,16903,0,Valid,L6,0.0,1917-01-01T00:00:00.000,35.666670,103.500000,[]
,16904,0,Valid,H6,0.0,1825-01-01T00:00:00.000,38.416670,-77.166670,[]
,16907,0,Valid,H6,0.0,1984-01-01T00:00:00.000,32.116670,121.800000,[]
,16908,0,Valid,H6,0.0,1928-01-01T00:00:00.000,19.250000,77.000000,[]
,16909,0,Valid,H6,0.0,1974-01-01T00:00:00.000,33.750000,51.500000,[]
,16912,0,Valid,L6,0.0,1928-01-01T00:00:00.000,-34.050000,150.688890,[]
,16914,0,Valid,Stone-uncl,0.0,0921-01-01T00:00:00.000,42.516670,12.516670,[]
,16922,0,Valid,H4,0.0,1936-01-01T00:00:00.000,-21.733330,165.900000,[]
,16923,0,Valid,Stone-uncl,0.0,1973-01-01T00:00:00.000,0.0,0.0,[]
,16927,0,Valid,CM2,0.0,1890-01-01T00:00:00.000,21.250000,83.666670,[]
,16934,0,Valid,L6,0.0,1995-01-01T00:00:00.000,36.449170,136.465280,[]
,16935,0,Valid,"Iron, ungrouped",0.0,1870-01-01T00:00:00.000,18.683330,83.483330,[]
,16941,0,Valid,L6,0.0,1970-01-01T00:00:00.000,9.500000,35.333330,[]
,16945,0,Valid,L6,0.0,1864-01-01T00:00:00.000,56.500000,21.500000,[]
,16950,0,Valid,EL6,0.0,2002-01-01T00:00:00.000,47.525000,10.808330,[]
,16953,0,Valid,L6,0.0,1860-01-01T00:00:00.000,40.000000,-81.766670,[]
,16954,0,Valid,L4,0.0,1994-01-01T00:00:00.000,15.366670,35.683330,[]
,16960,0,Valid,H5,0.0,2003-01-01T00:00:00.000,29.947180,-90.109760,[]
,16966,0,Valid,LL3.6,0.0,1883-01-01T00:00:00.000,-7.450000,111.416670,[]
,16968,0,Valid,"Iron, ungrouped",0.0,1900-01-01T00:00:00.000,13.850000,-4.383330,[]
,16970,0,Valid,Stone-uncl,0.0,1750-01-01T00:00:00.000,49.033330,-1.433330,[]
,16974,0,Valid,L6,0.0,1967-01-01T00:00:00.000,0.0,0.0,[]
,16975,0,Valid,LL6,0.0,1967-01-01T00:00:00.000,0.0,0.0,[]
,16976,0,Valid,H4,0.0,1935-01-01T00:00:00.000,52.450000,78.633330,[]
,16977,0,Valid,L4,0.0,1954-01-01T00:00:00.000,56.116670,37.333330,[]
,16980,0,Valid,"Iron, IVA",0.0,1975-01-01T00:00:00.000,29.866670,121.483330,[]
,16981,0,Valid,C3-ung,0.0,1983-01-01T00:00:00.000,32.925000,105.906670,[]
,16982,0,Valid,H3-4,0.0,1897-01-01T00:00:00.000,34.200000,131.566670,[]
,16983,0,Valid,"Iron, IID",0.0,1912-01-01T00:00:00.000,-28.566670,30.700000,[]
,16984,0,Valid,Eucrite-pmict,0.0,1823-01-01T00:00:00.000,44.083330,-69.483330,[]
,16985,0,Valid,H4-6,0.0,1991-01-01T00:00:00.000,40.085280,-86.055000,[]
,16988,0,Valid,L6,0.0,0861-01-01T00:00:00.000,33.725000,130.750000,[]
,16989,0,Valid,CM2,0.0,1879-01-01T00:00:00.000,-32.366670,-59.833330,[]
,16994,0,Valid,"Iron, IIIAB",0.0,1918-01-01T00:00:00.000,36.216670,-92.266670,[]
,17922,0,Valid,Aubrite,0.0,1948-01-01T00:00:00.000,39.683330,-99.866670,[]
,17930,0,Valid,H4,0.0,1971-01-01T00:00:00.000,45.291670,11.527220,[]
,17933,0,Valid,Ureilite,0.0,1886-01-01T00:00:00.000,54.816670,46.000000,[]
,17934,0,Valid,Stone-uncl,0.0,1662-01-01T00:00:00.000,58.550000,31.333330,[]
,17935,0,Valid,OC,0.0,1908-01-01T00:00:00.000,56.000000,22.000000,[]
,17936,0,Valid,L6,0.0,1933-01-01T00:00:00.000,42.916670,102.466670,[]
,17938,0,Valid,H5,0.0,1978-01-01T00:00:00.000,24.300000,-102.133330,[]
,17959,0,Valid,H6,0.0,1851-01-01T00:00:00.000,41.633330,0.750000,[]
,17960,0,Valid,H4,0.0,1925-01-01T00:00:00.000,43.333330,141.866670,[]
,17969,0,Valid,"Iron, IIIAB",0.0,1939-01-01T00:00:00.000,21.208330,94.916670,[]
,17970,0,Valid,LL5,0.0,1914-01-01T00:00:00.000,47.550000,22.025000,[]
,17979,0,Valid,H4,0.0,1887-01-01T00:00:00.000,57.783330,55.266670,[]
,17988,0,Valid,H5,0.0,1927-01-01T00:00:00.000,52.283330,8.050000,[]
,17989,0,Valid,L6,0.0,1855-01-01T00:00:00.000,58.500000,23.000000,[]
,17990,0,Valid,L6,0.0,1900-01-01T00:00:00.000,47.883330,22.033330,[]
,17994,0,Valid,H6,0.0,1741-01-01T00:00:00.000,33.283330,130.200000,[]
,17995,0,Valid,H5,0.0,1857-01-01T00:00:00.000,46.066670,23.583330,[]
,17996,0,Valid,L5,0.0,1963-01-01T00:00:00.000,6.750000,8.500000,[]
,17997,0,Valid,L6,0.0,1926-01-01T00:00:00.000,38.183330,-5.400000,[]
,17998,0,Valid,H5,0.0,1958-01-01T00:00:00.000,36.183330,139.216670,[]
,18000,0,Valid,"Iron, IIAB",0.0,1904-01-01T00:00:00.000,35.083330,135.200000,[]
,18002,0,Valid,LL6,0.0,1834-01-01T00:00:00.000,50.833330,25.500000,[]
,18009,0,Valid,L6,0.0,1930-01-01T00:00:00.000,52.950000,8.166670,[]
,18012,0,Valid,Stone-uncl,0.0,1520-01-01T00:00:00.000,39.000000,-0.033330,[]
,18013,0,Valid,LL5,0.0,1924-01-01T00:00:00.000,38.716670,-7.066670,[]
,18015,0,Valid,H5,0.0,1929-01-01T00:00:00.000,39.566670,-2.100000,[]
,18019,0,Valid,"Pallasite, PMG",0.0,1981-01-01T00:00:00.000,64.020000,161.808330,[]
,18026,0,Valid,CI1,0.0,1864-01-01T00:00:00.000,43.883330,1.383330,[]
,34489,0,Valid,Eucrite,0.0,2004-01-01T00:00:00.000,28.547500,-81.362220,[]
,18030,0,Valid,CO3.4,0.0,1868-01-01T00:00:00.000,47.116670,6.150000,[]
,18033,0,Valid,Stone-uncl,0.0,1671-01-01T00:00:00.000,48.500000,8.000000,[]
,18034,0,Valid,H6,0.0,1872-01-01T00:00:00.000,42.133330,12.933330,[]
,18042,0,Valid,L6,0.0,1928-01-01T00:00:00.000,58.883330,9.400000,[]
,18045,0,Valid,H,0.0,1867-01-01T00:00:00.000,38.400000,140.350000,[]
,18046,0,Valid,LL6,0.0,1896-01-01T00:00:00.000,38.600000,-95.216670,[]
,56729,0,Valid,L5,0.0,2003-01-01T00:00:00.000,12.900000,0.080000,[]
,18050,0,Valid,LL6,0.0,1986-01-01T00:00:00.000,30.180000,-6.577170,[]
,31282,0,Valid,H3-5,0.0,2003-01-01T00:00:00.000,24.300000,-13.100000,[]
,18052,0,Valid,H4,0.0,1998-01-01T00:00:00.000,37.608330,-8.280000,[]
,18055,0,Valid,L6,0.0,1900-01-01T00:00:00.000,-18.000000,16.000000,[]
,18058,0,Valid,H5,0.0,1856-01-01T00:00:00.000,43.400000,-5.866670,[]
,18062,0,Valid,OC,0.0,1775-01-01T00:00:00.000,51.333330,28.833330,[]
,18068,0,Valid,L6,0.0,1881-01-01T00:00:00.000,21.050000,-99.300000,[]
,18069,0,Valid,Eucrite-mmict,0.0,1929-01-01T00:00:00.000,55.666670,25.000000,[]
,18072,0,Valid,H6,0.0,1910-01-01T00:00:00.000,17.743330,120.455830,[]
,18073,0,Valid,OC,0.0,1910-01-01T00:00:00.000,32.316670,-89.716670,[]
,18074,0,Valid,L5,0.0,1988-01-01T00:00:00.000,-23.116670,-65.100000,[]
,18077,0,Valid,Iron,0.0,1914-01-01T00:00:00.000,43.483330,118.616670,[]
,18079,0,Valid,L3,0.0,1926-01-01T00:00:00.000,39.800000,-91.500000,[]
,18082,0,Valid,H5,0.0,1949-01-01T00:00:00.000,21.300000,-157.783330,[]
,32591,0,Valid,L6,0.0,2002-01-01T00:00:00.000,0.0,0.0,[]
,18093,0,Valid,L5,0.0,1859-01-01T00:00:00.000,15.083330,120.700000,[]
,18098,0,Valid,H5,0.0,1938-01-01T00:00:00.000,8.066670,124.283330,[]
,18101,0,Valid,LL5,0.0,1930-01-01T00:00:00.000,36.066670,-90.500000,[]
,18102,0,Valid,LL5,0.0,1967-01-01T00:00:00.000,-6.233330,-40.700000,[]
,18103,0,Valid,L6,0.0,1956-01-01T00:00:00.000,-19.133330,-51.666670,[]
,18106,0,Valid,L5,0.0,2003-01-01T00:00:00.000,41.484720,-87.679170,[]
,18108,0,Valid,LL3.6,0.0,1857-01-01T00:00:00.000,9.233330,78.350000,[]
,18109,0,Valid,EH3,0.0,1942-01-01T00:00:00.000,26.200000,85.400000,[]
,18110,0,Valid,Eucrite-pmict,0.0,1933-01-01T00:00:00.000,36.216670,-103.400000,[]
,18112,0,Valid,H6,0.0,1969-01-01T00:00:00.000,20.936940,82.050000,[]
,18116,0,Valid,L6,0.0,1950-01-01T00:00:00.000,-19.533330,-48.566670,[]
,18118,0,Valid,Iron,0.0,1922-01-01T00:00:00.000,38.133330,14.966670,[]
,18171,0,Valid,Mesosiderite-A1,0.0,1935-01-01T00:00:00.000,23.150000,91.183330,[]
,18173,0,Valid,H5,0.0,1966-01-01T00:00:00.000,43.466670,25.516670,[]
,18175,0,Valid,H5,0.0,1938-01-01T00:00:00.000,52.300000,77.033330,[]
,18176,0,Valid,L6,0.0,1826-01-01T00:00:00.000,48.533330,35.983330,[]
,18177,0,Valid,Howardite,0.0,1882-01-01T00:00:00.000,52.033330,43.000000,[]
,18179,0,Valid,L6,0.0,1989-01-01T00:00:00.000,11.333670,-3.542170,[]
,18180,0,Valid,L6,0.0,1963-01-01T00:00:00.000,56.133330,-117.933330,[]
,18181,0,Valid,Diogenite-pm,0.0,1953-01-01T00:00:00.000,51.666670,9.250000,[]
,18782,0,Valid,H6,0.0,1992-01-01T00:00:00.000,41.283330,-73.916670,[]
,18786,0,Valid,Aubrite,0.0,1946-01-01T00:00:00.000,30.125000,-103.116670,[]
,18792,0,Valid,Eucrite-mmict,0.0,1899-01-01T00:00:00.000,-10.666670,35.500000,[]
,18793,0,Valid,L6,0.0,1935-01-01T00:00:00.000,23.325000,91.000000,[]
,18797,0,Valid,LL5,0.0,1830-01-01T00:00:00.000,56.400000,-3.433330,[]
,18798,0,Valid,L6,0.0,1933-01-01T00:00:00.000,56.633330,39.433330,[]
,18799,0,Valid,Aubrite,0.0,1933-01-01T00:00:00.000,55.500000,66.083330,[]
,18800,0,Valid,H5,0.0,1995-01-01T00:00:00.000,14.052000,0.420000,[]
,18801,0,Valid,Eucrite-pmict,0.0,1855-01-01T00:00:00.000,35.300000,-86.633330,[]
,18804,0,Valid,Stone-uncl,0.0,1779-01-01T00:00:00.000,53.533330,-7.333330,[]
,18808,0,Valid,L6,0.0,1901-01-01T00:00:00.000,40.000000,-99.250000,[]
,18809,0,Valid,H4,0.0,1887-01-01T00:00:00.000,11.250000,108.583330,[]
,18811,0,Valid,H4,0.0,1933-01-01T00:00:00.000,12.000000,105.483330,[]
,18812,0,Valid,L5,0.0,1941-01-01T00:00:00.000,15.716670,108.100000,[]
,18813,0,Valid,LL3.4,0.0,1968-01-01T00:00:00.000,44.244170,11.502220,[]
,18816,0,Valid,Stone-uncl,0.0,1843-01-01T00:00:00.000,41.366670,-6.233330,[]
,18822,0,Valid,EL6,0.0,1863-01-01T00:00:00.000,58.666670,25.733330,[]
,18831,0,Valid,Eucrite-mmict,0.0,1996-01-01T00:00:00.000,26.034720,73.941670,[]
,18832,0,Valid,H,0.0,1881-01-01T00:00:00.000,-32.866670,18.716670,[]
,18834,0,Valid,L6,0.0,1882-01-01T00:00:00.000,25.800000,88.450000,[]
,18835,0,Valid,H6,0.0,1884-01-01T00:00:00.000,29.583330,76.000000,[]
,18837,0,Valid,"Iron, IAB-ung",0.0,1921-01-01T00:00:00.000,31.950000,-83.516670,[]
,18846,0,Valid,H6,0.0,1930-01-01T00:00:00.000,30.700000,-96.116670,[]
,51706,0,Valid,L5-6,0.0,2008-01-01T00:00:00.000,45.275000,26.709720,[]
,18849,0,Valid,L5,0.0,1723-01-01T00:00:00.000,50.533330,14.116670,[]
,18851,0,Valid,L6,0.0,1868-01-01T00:00:00.000,11.583330,104.916670,[]
,32592,0,Valid,LL5,0.0,2002-01-01T00:00:00.000,0.0,0.0,[]
,18853,0,Valid,L5,0.0,1819-01-01T00:00:00.000,50.933330,12.133330,[]
,18858,0,Valid,H5,0.0,1866-01-01T00:00:00.000,26.716670,82.666670,[]
,18860,0,Valid,CM2,0.0,1942-01-01T00:00:00.000,66.348330,14.015000,[]
,18865,0,Valid,Winonaite,0.0,1931-01-01T00:00:00.000,53.036390,-4.319440,[]
,18874,0,Valid,H6,0.0,1998-01-01T00:00:00.000,34.175000,-103.295000,[]
,18876,0,Valid,Stone-uncl,0.0,1796-01-01T00:00:00.000,38.500000,-8.000000,[]
,18879,0,Valid,LL,0.0,1933-01-01T00:00:00.000,31.416670,118.500000,[]
,18883,0,Valid,L6,0.0,1932-01-01T00:00:00.000,48.302500,13.940830,[]
,18887,0,Valid,H5,0.0,1959-01-01T00:00:00.000,49.666670,14.033330,[]
,18888,0,Valid,L6,0.0,1893-01-01T00:00:00.000,39.116670,-83.850000,[]
,45984,0,Valid,Eucrite-br,0.0,2007-01-01T00:00:00.000,39.350000,-3.516670,[]
,18899,0,Valid,H5,0.0,1863-01-01T00:00:00.000,23.366670,75.183330,[]
,18901,0,Valid,H5,0.0,1868-01-01T00:00:00.000,52.766670,21.266670,[]
,18902,0,Valid,Stone-uncl,0.0,1811-01-01T00:00:00.000,13.333330,78.950000,[]
,18905,0,Valid,L6,0.0,1937-01-01T00:00:00.000,-29.033330,-53.050000,[]
,18907,0,Valid,L/LL5,0.0,1982-01-01T00:00:00.000,32.083330,121.500000,[]
,18908,0,Valid,EH3,0.0,1976-01-01T00:00:00.000,26.533330,106.466670,[]
,22357,0,Valid,H6,0.0,1925-01-01T00:00:00.000,-30.116670,28.700000,[]
,22358,0,Valid,H4,0.0,1857-01-01T00:00:00.000,17.766670,95.183330,[]
,22360,0,Valid,"Iron, IAB-ung",0.0,1898-01-01T00:00:00.000,39.000000,-0.666670,[]
,22361,0,Valid,H,0.0,1990-01-01T00:00:00.000,44.616670,126.133330,[]
,22363,0,Valid,L6,0.0,1851-01-01T00:00:00.000,46.600000,0.250000,[]
,22368,0,Valid,H5,0.0,1957-01-01T00:00:00.000,-26.666670,-65.450000,[]
,22371,0,Valid,"Iron, IIAB",0.0,1986-01-01T00:00:00.000,27.725280,76.465000,[]
,31302,0,Valid,L5,0.0,1983-01-01T00:00:00.000,28.225000,70.200000,[]
,22376,0,Valid,L6,0.0,1878-01-01T00:00:00.000,52.983330,37.033330,[]
,22384,0,Valid,L6,0.0,1940-01-01T00:00:00.000,26.450000,82.900000,[]
,22385,0,Valid,LL,0.0,1916-01-01T00:00:00.000,24.166670,87.766670,[]
,22386,0,Valid,L6,0.0,1958-01-01T00:00:00.000,51.883330,6.933330,[]
,22387,0,Valid,H4,0.0,1917-01-01T00:00:00.000,23.983330,87.083330,[]
,22390,0,Valid,H5,0.0,1899-01-01T00:00:00.000,19.866670,-100.816670,[]
,22392,0,Valid,L6,0.0,1937-01-01T00:00:00.000,25.383330,72.016670,[]
,22394,0,Valid,L6,0.0,1919-01-01T00:00:00.000,38.200000,115.700000,[]
,22395,0,Valid,H6,0.0,1961-01-01T00:00:00.000,26.666670,50.150000,[]
,22396,0,Valid,Stone-uncl,0.0,1740-01-01T00:00:00.000,43.500000,26.533330,[]
,22398,0,Valid,Stone-uncl,0.0,1880-01-01T00:00:00.000,52.200000,17.983330,[]
,53502,0,Valid,H5,0.0,2007-01-01T00:00:00.000,38.137420,-119.758120,[]
,22584,0,Valid,L5,0.0,1947-01-01T00:00:00.000,42.475000,-5.333330,[]
,22585,0,Valid,"Iron, IVA",0.0,1919-01-01T00:00:00.000,-6.733330,111.366670,[]
,22586,0,Valid,CR2,0.0,1824-01-01T00:00:00.000,44.766670,11.283330,[]
,22587,0,Valid,L5,0.0,1925-01-01T00:00:00.000,-32.750000,-65.283330,[]
,22589,0,Valid,L6,0.0,1916-01-01T00:00:00.000,38.666670,116.133330,[]
,22590,0,Valid,"Iron, IIF",0.0,1933-01-01T00:00:00.000,48.600000,45.666670,[]
,22592,0,Valid,CI1,0.0,1965-01-01T00:00:00.000,51.333330,-118.950000,[]
,22593,0,Valid,L6,0.0,1929-01-01T00:00:00.000,28.200000,76.666670,[]
,22597,0,Valid,L6,0.0,1903-01-01T00:00:00.000,35.033330,-83.033330,[]
,24140,0,Valid,L,0.0,1948-01-01T00:00:00.000,-44.116670,-66.150000,[]
,22599,0,Valid,H5,0.0,1918-01-01T00:00:00.000,46.883330,-102.316670,[]
,22602,0,Valid,OC,0.0,1980-01-01T00:00:00.000,31.250000,-99.033330,[]
,22603,0,Valid,LL5,0.0,1828-01-01T00:00:00.000,37.466670,-77.500000,[]
,22611,0,Valid,L4,0.0,1934-01-01T00:00:00.000,-26.100000,-49.800000,[]
,22614,0,Valid,Stone-uncl,0.0,1491-01-01T00:00:00.000,45.483330,9.516670,[]
,22637,0,Valid,H6,0.0,1876-01-01T00:00:00.000,41.083330,-86.283330,[]
,22640,0,Valid,Stone-uncl,0.0,1895-01-01T00:00:00.000,-23.383330,150.516670,[]
,22641,0,Valid,Diogenite,0.0,1871-01-01T00:00:00.000,42.300000,0.550000,[]
,22642,0,Valid,Stone-uncl,0.0,1775-01-01T00:00:00.000,50.350000,10.800000,[]
,22766,0,Valid,H5,0.0,1921-01-01T00:00:00.000,44.516670,-83.950000,[]
,22773,0,Valid,"Iron, IIIAB",0.0,1876-01-01T00:00:00.000,52.766670,-2.516670,[]
,22780,0,Valid,L6,0.0,1976-01-01T00:00:00.000,-1.450000,29.833330,[]
,22782,0,Valid,R3.8-6,0.0,1934-01-01T00:00:00.000,0.266670,36.533330,[]
,22783,0,Valid,L4-6,0.0,1949-01-01T00:00:00.000,-10.266670,38.766670,[]
,22791,0,Valid,L5,0.0,1914-01-01T00:00:00.000,51.133330,34.500000,[]
,22792,0,Valid,H5,0.0,1855-01-01T00:00:00.000,27.433330,82.083330,[]
,22793,0,Valid,LL6,0.0,1999-01-01T00:00:00.000,23.083330,91.666670,[]
,22796,0,Valid,Stone-uncl,0.0,1636-01-01T00:00:00.000,51.533330,14.883330,[]
,23101,0,Valid,EH5,0.0,1914-01-01T00:00:00.000,43.733330,1.383330,[]
,23102,0,Valid,LL6,0.0,1966-01-01T00:00:00.000,45.300000,0.233330,[]
,23103,0,Valid,Iron,0.0,1913-01-01T00:00:00.000,35.666670,136.300000,[]
,23107,0,Valid,L6,0.0,1981-01-01T00:00:00.000,44.979170,-122.969440,[]
,23111,0,Valid,L5,0.0,1798-01-01T00:00:00.000,46.050000,4.633330,[]
,23114,0,Valid,LL5,0.0,1985-01-01T00:00:00.000,52.750000,11.050000,[]
,23115,0,Valid,"Iron, IIIAB",0.0,1921-01-01T00:00:00.000,25.666670,74.866670,[]
,23128,0,Valid,H6,0.0,1973-01-01T00:00:00.000,33.484720,-117.662500,[]
,31315,0,Valid,L6,0.0,2002-01-01T00:00:00.000,43.666670,13.000000,[]
,23130,0,Valid,L6,0.0,1956-01-01T00:00:00.000,-31.016670,-71.400000,[]
,34063,0,Valid,LL6,0.0,1968-01-01T00:00:00.000,19.766670,-100.650000,[]
,23161,0,Valid,L4,0.0,1873-01-01T00:00:00.000,-29.200000,-51.866670,[]
,23164,0,Valid,CM2,0.0,1939-01-01T00:00:00.000,24.166670,-99.333330,[]
,23165,0,Valid,L6,0.0,1924-01-01T00:00:00.000,-33.900000,-61.700000,[]
,50909,0,Valid,L6,0.0,2008-01-01T00:00:00.000,-31.535556,-68.489444,[]
,23171,0,Valid,H4,0.0,1962-01-01T00:00:00.000,-20.810000,-49.380560,[]
,23176,0,Valid,L4,0.0,1918-01-01T00:00:00.000,52.550000,46.550000,[]
,23187,0,Valid,H,0.0,1688-01-01T00:00:00.000,34.716670,137.783330,[]
,23188,0,Valid,L6,0.0,1868-01-01T00:00:00.000,43.150000,-0.850000,[]
,23190,0,Valid,LL4,0.0,1894-01-01T00:00:00.000,47.216670,29.866670,[]
,23192,0,Valid,CM2,0.0,1986-01-01T00:00:00.000,35.866670,139.400000,[]
,23455,0,Valid,L5,0.0,1934-01-01T00:00:00.000,49.233330,17.566670,[]
,23457,0,Valid,L,0.0,1715-01-01T00:00:00.000,53.350000,15.050000,[]
,23458,0,Valid,H5,0.0,1968-01-01T00:00:00.000,42.860830,-73.950280,[]
,23460,0,Valid,L6,0.0,1846-01-01T00:00:00.000,48.116670,10.466670,[]
,23472,0,Valid,H5,0.0,1871-01-01T00:00:00.000,44.366670,-69.200000,[]
,23473,0,Valid,L6,0.0,1917-01-01T00:00:00.000,38.300000,27.133330,[]
,23476,0,Valid,LL6,0.0,1853-01-01T00:00:00.000,26.750000,84.783330,[]
,23481,0,Valid,H5,0.0,1939-01-01T00:00:00.000,-7.233330,107.333330,[]
,23483,0,Valid,H5,0.0,1947-01-01T00:00:00.000,22.833330,4.983330,[]
,23487,0,Valid,LL3.00,0.0,1940-01-01T00:00:00.000,22.250000,79.000000,[]
,23495,0,Valid,H4,0.0,1773-01-01T00:00:00.000,41.716670,-0.050000,[]
,23496,0,Valid,H6,0.0,1993-01-01T00:00:00.000,39.438330,140.511670,[]
,23500,0,Valid,H6,0.0,1966-01-01T00:00:00.000,21.683890,79.500830,[]
,23501,0,Valid,H4,0.0,1818-01-01T00:00:00.000,41.050000,23.566670,[]
,23502,0,Valid,Eucrite-cm,0.0,1923-01-01T00:00:00.000,-8.383330,-36.766670,[]
,23504,0,Valid,H4,0.0,1908-01-01T00:00:00.000,-19.466670,-44.216670,[]
,23508,0,Valid,LL4,0.0,1862-01-01T00:00:00.000,37.416670,-6.000000,[]
,23509,0,Valid,L5,0.0,1874-01-01T00:00:00.000,50.616670,36.600000,[]
,23512,0,Valid,L6,0.0,1989-01-01T00:00:00.000,34.750000,10.716670,[]
,23521,0,Valid,Diogenite,0.0,1850-01-01T00:00:00.000,23.100000,87.300000,[]
,23525,0,Valid,H3.4,0.0,1921-01-01T00:00:00.000,37.833330,-76.700000,[]
,23529,0,Valid,L5,0.0,1904-01-01T00:00:00.000,44.050000,-80.166670,[]
,23530,0,Valid,Martian (shergottite),0.0,1865-01-01T00:00:00.000,24.550000,84.833330,[]
,23531,0,Valid,L6,0.0,1976-01-01T00:00:00.000,33.650000,120.066670,[]
,23534,0,Valid,L6,0.0,1921-01-01T00:00:00.000,25.850000,87.577500,[]
,23582,0,Valid,H5,0.0,1971-01-01T00:00:00.000,43.500000,125.666670,[]
,23583,0,Valid,H6,0.0,1912-01-01T00:00:00.000,33.716670,74.833330,[]
,23584,0,Valid,L6,0.0,1863-01-01T00:00:00.000,24.333330,90.166670,[]
,23586,0,Valid,LL5,0.0,1794-01-01T00:00:00.000,43.116670,11.600000,[]
,23593,0,Valid,"Iron, IIAB",0.0,1947-01-01T00:00:00.000,46.160000,134.653330,[]
,23594,0,Valid,H5,0.0,1995-01-01T00:00:00.000,20.933330,-101.383330,[]
,55584,0,Valid,Achondrite-ung,0.0,1917-01-01T00:00:00.000,44.116670,27.266670,[]
,23603,0,Valid,H5,0.0,1920-01-01T00:00:00.000,49.983330,7.533330,[]
,23606,0,Valid,L6,0.0,1916-01-01T00:00:00.000,30.900000,32.483330,[]
,23611,0,Valid,H5,0.0,1901-01-01T00:00:00.000,26.216670,69.550000,[]
,23613,0,Valid,H6,0.0,1956-01-01T00:00:00.000,39.300000,9.200000,[]
,23614,0,Valid,Eucrite-mmict,0.0,1933-01-01T00:00:00.000,42.583330,-103.666670,[]
,23616,0,Valid,H5,0.0,1875-01-01T00:00:00.000,20.916670,82.583330,[]
,23617,0,Valid,H6,0.0,1989-01-01T00:00:00.000,39.824670,36.135830,[]
,23619,0,Valid,L5,0.0,1989-01-01T00:00:00.000,32.433330,119.866670,[]
,23621,0,Valid,L6,0.0,1848-01-01T00:00:00.000,59.733330,10.866670,[]
,23626,0,Valid,H5,0.0,1868-01-01T00:00:00.000,45.683330,15.600000,[]
,23645,0,Valid,L4,0.0,1818-01-01T00:00:00.000,55.000000,35.000000,[]
,23660,0,Valid,OC,0.0,1960-01-01T00:00:00.000,27.133330,84.066670,[]
,23661,0,Valid,LL4,0.0,1877-01-01T00:00:00.000,43.666670,21.866670,[]
,23663,0,Valid,H5,0.0,1860-01-01T00:00:00.000,47.366670,1.733330,[]
,53829,0,Valid,L6,0.0,2011-01-01T00:00:00.000,54.008830,22.005000,[]
,23667,0,Valid,H5,0.0,1866-01-01T00:00:00.000,35.166670,135.333330,[]
,23668,0,Valid,L6,0.0,1993-01-01T00:00:00.000,45.250000,125.000000,[]
,23670,0,Valid,OC,0.0,1927-01-01T00:00:00.000,44.416670,23.500000,[]
,23671,0,Valid,"Iron, ungrouped",0.0,1945-01-01T00:00:00.000,1.700000,33.633330,[]
,23081,0,Valid,L6,0.0,1883-01-01T00:00:00.000,44.750000,0.050000,[]
,23082,0,Valid,L6,0.0,1841-01-01T00:00:00.000,46.950000,-1.500000,[]
,23083,0,Valid,L6,0.0,1855-01-01T00:00:00.000,51.050000,3.750000,[]
,23087,0,Valid,H6,0.0,1890-01-01T00:00:00.000,48.016670,-1.150000,[]
,23089,0,Valid,H4,0.0,1950-01-01T00:00:00.000,38.700000,-90.233330,[]
,23090,0,Valid,EH5,0.0,1903-01-01T00:00:00.000,-32.016670,27.416670,[]
,23091,0,Valid,LL3.3,0.0,1919-01-01T00:00:00.000,38.166670,-76.383330,[]
,23092,0,Valid,LL6,0.0,1866-01-01T00:00:00.000,48.450000,3.933330,[]
,23093,0,Valid,L6,0.0,1910-01-01T00:00:00.000,61.650000,27.200000,[]
,23097,0,Valid,L6,0.0,1959-01-01T00:00:00.000,43.433330,2.950000,[]
,23712,0,Valid,H5,0.0,1876-01-01T00:00:00.000,59.933330,14.950000,[]
,23713,0,Valid,Eucrite-mmict,0.0,1808-01-01T00:00:00.000,49.283330,15.566670,[]
,23717,0,Valid,L6,0.0,1857-01-01T00:00:00.000,45.050000,41.983330,[]
,23099,0,Valid,H4,0.0,1962-01-01T00:00:00.000,50.766670,3.000000,[]
,23724,0,Valid,"Iron, IIIAB",0.0,1990-01-01T00:00:00.000,53.666670,55.983330,[]
,23726,0,Valid,Stone-uncl,0.0,1647-01-01T00:00:00.000,52.533330,9.050000,[]
,23728,0,Valid,L6,0.0,1974-01-01T00:00:00.000,41.200000,-73.133330,[]
,23729,0,Valid,L6,0.0,1917-01-01T00:00:00.000,56.583330,-3.250000,[]
,23732,0,Valid,Stone-uncl,0.0,1623-01-01T00:00:00.000,50.383330,-3.950000,[]
,23733,0,Valid,H5,0.0,1994-01-01T00:00:00.000,45.968610,-72.978060,[]
,23736,0,Valid,L6,0.0,1924-01-01T00:00:00.000,36.483330,-90.666670,[]
,23737,0,Valid,L6,0.0,1969-01-01T00:00:00.000,50.538060,16.263330,[]
,23738,0,Valid,L6,0.0,1986-01-01T00:00:00.000,31.616670,113.466670,[]
,48951,0,Valid,LL6,0.0,2008-01-01T00:00:00.000,12.666670,78.033330,[]
,23741,0,Valid,L/LL6,0.0,1916-01-01T00:00:00.000,25.933330,84.283330,[]
,23745,0,Valid,H5,0.0,1935-01-01T00:00:00.000,44.866670,133.166670,[]
,23760,0,Valid,H6,0.0,1865-01-01T00:00:00.000,26.716670,84.216670,[]
,55529,0,Valid,C,0.0,2012-01-01T00:00:00.000,38.803890,-120.908060,[]
,23773,0,Valid,H4,0.0,1954-01-01T00:00:00.000,33.188360,-86.294500,[]
,23776,0,Valid,H5,0.0,1753-01-01T00:00:00.000,49.400000,14.650000,[]
,23778,0,Valid,L5,0.0,1867-01-01T00:00:00.000,36.183330,5.416670,[]
,23782,0,Valid,C2-ung,0.0,2000-01-01T00:00:00.000,59.704440,-134.201390,[]
,23784,0,Valid,H4/5,0.0,1991-01-01T00:00:00.000,34.720000,137.305000,[]
,23789,0,Valid,H5,0.0,1880-01-01T00:00:00.000,35.383330,134.900000,[]
,23791,0,Valid,Eucrite-cm,0.0,1995-01-01T00:00:00.000,0.0,0.0,[]
,23795,0,Valid,L6,0.0,1975-01-01T00:00:00.000,-7.750000,112.766670,[]
,48691,0,Valid,H5,0.0,2008-01-01T00:00:00.000,31.163330,-7.015000,[]
,23801,0,Valid,L5,0.0,1918-01-01T00:00:00.000,35.433330,136.233330,[]
,23873,0,Valid,L5,0.0,1965-01-01T00:00:00.000,45.400000,122.900000,[]
,23884,0,Valid,Diogenite,0.0,1931-01-01T00:00:00.000,32.950000,10.416670,[]
,23885,0,Valid,L6,0.0,1967-01-01T00:00:00.000,19.383330,43.733330,[]
,23887,0,Valid,L6,0.0,1929-01-01T00:00:00.000,35.133330,44.450000,[]
,23888,0,Valid,L6,0.0,1937-01-01T00:00:00.000,46.716670,23.500000,[]
,23897,0,Valid,L6,0.0,1879-01-01T00:00:00.000,-25.733330,142.950000,[]
,23898,0,Valid,L4,0.0,1872-01-01T00:00:00.000,58.033330,26.950000,[]
,23908,0,Valid,H6,0.0,1950-01-01T00:00:00.000,33.400000,70.600000,[]
,54493,0,Valid,L6,0.0,2011-01-01T00:00:00.000,-1.002780,37.150280,[]
,23976,0,Valid,H4/5,0.0,2002-01-01T00:00:00.000,-29.333330,27.583330,[]
,23984,0,Valid,H5,0.0,1986-01-01T00:00:00.000,32.946670,118.990000,[]
,23989,0,Valid,H/L3.6,0.0,1878-01-01T00:00:00.000,49.600000,17.116670,[]
,23998,0,Valid,L6,0.0,1927-01-01T00:00:00.000,38.200000,-89.683330,[]
,23999,0,Valid,L6,0.0,1970-01-01T00:00:00.000,14.250000,1.533330,[]
,24004,0,Valid,H5,0.0,1807-01-01T00:00:00.000,54.500000,35.200000,[]
,24009,0,Valid,H6,0.0,1934-01-01T00:00:00.000,13.633330,79.416670,[]
,54823,0,Valid,Martian (shergottite),0.0,2011-01-01T00:00:00.000,29.481950,-7.611230,[]
,24011,0,Valid,H6,0.0,1869-01-01T00:00:00.000,-7.083330,111.533330,[]
,24012,0,Valid,L5,0.0,1922-01-01T00:00:00.000,-6.666670,106.583330,[]
,24019,0,Valid,LL6,0.0,1905-01-01T00:00:00.000,47.850000,34.766670,[]
